condition,regime,wrong,trajectory,seed,B1_F,K1_F,B1_int,K1_int,B1_e,K1_e
0,B,False,0,17589777890202796842,0.060737,0.996759,0.360267,0.997702,3.836122,4.637465
0,B,False,1,12545602446374637349,0.223643,0.999486,0.512041,0.997550,5.054339,6.785103
0,B,False,2,11174791513762315072,0.630689,0.934770,0.781013,0.972419,1.368041,1.672963
0,B,False,3,15700661152455971531,0.700394,0.999893,0.882320,0.997452,0.786316,1.219785
0,B,False,4,2849086772100652466,0.122680,0.972181,0.535318,0.986338,3.912503,5.411923
0,B,False,5,319654008582080984,0.383634,0.999642,0.474184,0.998424,2.852523,3.352000
0,B,False,6,8268244998995483726,0.982121,0.990921,0.568001,0.991535,1.806675,2.187698
0,B,False,7,13101428384562279473,0.779496,0.986483,0.764473,0.992979,1.213394,1.752861
0,B,False,8,15106281664518893828,0.816108,0.993219,0.910497,0.992311,0.669773,1.121381
0,B,False,9,17049794065283541185,0.979197,0.999975,0.821991,0.996346,1.091422,1.490817
0,B,False,10,6938476609358270904,0.587995,0.984332,0.779091,0.991827,0.988825,1.223387
0,B,False,11,932074468377912656,0.099104,1.000000,0.602830,0.996542,2.377592,3.076280
0,B,False,12,5698988199802682754,0.737932,0.961097,0.576849,0.989005,2.137990,2.613157
0,B,False,13,10571818032137991554,0.978096,0.991671,0.937568,0.997221,0.547720,0.894728
0,B,False,14,4725273981579120888,0.991508,0.995377,0.970107,0.998453,0.408701,0.477216
0,B,False,15,18074791800128421472,0.000239,0.973872,0.867084,0.989628,0.862807,2.082815
0,B,False,16,8108913964183774458,0.859578,0.999723,0.839562,0.995955,1.102662,1.340769
0,B,False,17,10814800511765464997,0.251119,0.997924,0.683821,0.996487,1.584423,2.144302
0,B,False,18,7110857762768718238,0.708731,0.999731,0.891348,0.998970,0.799655,1.015287
0,B,False,19,18122741490306151171,0.951055,0.997182,0.637044,0.998637,1.784557,2.096440
0,B,False,20,1782068948177614150,0.971012,0.939241,0.922167,0.976375,0.869754,1.093838
0,B,False,21,4557996224056385523,0.957658,0.993954,0.872247,0.998934,0.817029,1.160093
0,B,False,22,1132005911200400028,0.299992,0.996712,0.616068,0.999473,2.042562,2.737625
0,B,False,23,7730768889055107054,0.894450,0.997308,0.708341,0.997501,1.519667,1.908420
0,B,False,24,15848388019018353447,0.757729,0.999920,0.684259,0.997164,1.595971,1.795274
0,B,False,25,4744690083744558053,0.843896,0.991918,0.480849,0.983376,2.340326,2.598993
0,B,False,26,8626063377622690844,0.007234,0.872974,0.235871,0.942252,3.231274,4.095383
0,B,False,27,8060564906719492303,0.007699,0.961558,0.552753,0.979543,2.533107,3.648597
0,B,False,28,7123470726733826419,0.069855,0.997258,0.495191,0.997680,4.179520,5.435563
0,B,False,29,1770034654292991051,0.562394,0.993968,0.656610,0.993926,1.959044,2.336777
0,B,False,30,14801622811215438738,0.770797,0.998817,0.909640,0.999233,0.638278,0.984574
0,B,False,31,2214622552619454761,0.990550,0.998860,0.734974,0.998846,1.432507,1.809015
0,B,False,32,5755291633769711074,0.037660,0.998995,0.423007,0.997462,3.693007,4.626625
0,B,False,33,13304235186759857948,0.066048,0.968991,0.225606,0.993949,5.076258,5.746596
0,B,False,34,2578939055252829052,0.602674,0.954813,0.879555,0.992745,0.625753,0.860994
0,B,False,35,6191461403071375039,0.179658,0.999801,0.808311,0.993756,1.054401,1.633928
0,B,False,36,6543691829881638348,0.994118,0.996082,0.977055,0.991273,0.382247,0.477734
0,B,False,37,16101867512422523573,0.564141,0.999952,0.491120,0.998135,2.611865,2.982601
0,B,False,38,16951867704495303409,0.442421,0.985322,0.597131,0.997959,2.443052,2.972488
0,B,False,39,18192567319657376557,0.627895,0.970381,0.887914,0.994219,0.615671,0.851530
0,B,False,40,131260324142521281,0.073184,0.998886,0.613820,0.999128,2.206375,3.250350
0,B,False,41,16756683041942224451,0.959442,0.967264,0.704362,0.992869,1.681047,2.281295
0,B,False,42,15549932082592990496,0.798975,0.982891,0.865352,0.995041,0.881587,1.364698
0,B,False,43,3717727507057356368,0.825527,0.992795,0.814942,0.989132,0.877139,1.111586
0,B,False,44,2171114357013988175,0.004803,0.984212,0.417077,0.986612,3.561019,4.470874
0,B,False,45,16226289625636856283,0.996377,0.989135,0.966994,0.996491,0.463707,0.499022
0,B,False,46,6117993287843793273,0.907964,0.976752,0.901963,0.979788,0.580720,0.884155
0,B,False,47,6890155756008470165,0.555859,0.994210,0.930883,0.986948,0.839910,1.222200
0,B,False,48,16573447064485743218,0.996880,0.999341,0.838040,0.991223,1.213805,1.506454
0,B,False,49,14250150111630836063,0.999644,0.995073,0.768579,0.998766,1.281865,1.518321
0,B,False,50,1002054071676831518,0.986076,0.999554,0.929290,0.999076,0.589336,0.796862
0,B,False,51,4628682506542645912,0.791781,0.986470,0.904959,0.995948,0.705947,0.866970
0,B,False,52,18216719114477938007,0.000558,0.911112,0.479472,0.953523,2.070535,2.894991
0,B,False,53,8525249328655299666,0.678663,0.999213,0.646902,0.992648,1.636085,2.200273
0,B,False,54,13464204517152056085,0.120928,0.999996,0.594819,0.997630,2.561290,3.287261
0,B,False,55,4586097293512840890,0.477818,0.997801,0.892498,0.994740,0.965276,1.438591
0,B,False,56,11865984228913288277,0.403086,0.995361,0.791829,0.996757,1.276132,1.937455
0,B,False,57,18433315942916534683,0.832298,0.999962,0.829153,0.997687,1.009080,1.408005
0,B,False,58,14203592199566012085,0.793595,0.999388,0.878702,0.996575,0.894942,1.248763
0,B,False,59,14622402754046566671,0.367266,0.986525,0.479419,0.997003,3.538356,4.887343
0,B,False,60,4615731072374699158,0.702943,0.962153,0.534274,0.992892,2.353341,2.799331
0,B,False,61,593095418841398297,0.006012,0.999724,0.579583,0.985946,3.072177,4.171357
0,B,False,62,14574386754041982706,0.664423,0.972711,0.571112,0.995807,2.769110,3.173735
0,B,False,63,18020331819541264556,0.983208,0.999996,0.659778,0.998680,14.700301,18.502132
0,B,False,64,14291968845027809219,0.023947,0.993081,0.421243,0.991845,5.425887,6.794316
0,B,False,65,189373932083208134,0.090888,0.969631,0.767196,0.992926,1.157220,1.791876
0,B,False,66,15253211940323626555,0.531799,0.996163,0.775352,0.998777,1.191201,1.692826
0,B,False,67,16351628183831674080,0.894882,0.974579,0.907221,0.986990,0.575071,1.005215
0,B,False,68,2590678532341232553,0.710625,0.944684,0.785940,0.975710,0.902658,1.381597
0,B,False,69,9961890938728407477,0.578491,0.947366,0.807739,0.973723,1.721864,2.070593
0,B,False,70,8737477274693781309,0.995436,0.955488,0.945124,0.983940,0.509369,0.651123
0,B,False,71,10112432413057293262,0.001138,0.984422,0.615503,0.994274,2.479778,3.444792
0,B,False,72,17754223360767927082,0.161998,0.973398,0.579800,0.967214,1.966989,2.494066
0,B,False,73,8524514862046144439,0.512052,0.983048,0.708146,0.995409,1.396366,1.692321
0,B,False,74,2619621124950055082,0.014131,0.972125,0.231025,0.973144,3.986049,5.195793
0,B,False,75,5245367253902114773,0.748441,0.996921,0.943075,0.996165,0.583561,0.859981
0,B,False,76,4908442928459783785,0.984316,0.991468,0.598596,0.993796,2.815494,3.581145
0,B,False,77,11601191636692089777,0.987747,0.999105,0.878280,0.994361,0.730142,0.939423
0,B,False,78,4946032338573080337,0.152323,0.958635,0.692429,0.986144,1.299691,1.784775
0,B,False,79,193323190656864392,0.902135,0.999994,0.971509,0.999095,0.492185,0.510562
0,B,False,80,12286717315884329967,0.185551,0.975835,0.894951,0.995346,0.690993,1.570196
0,B,False,81,2393616938676688700,0.985531,0.990455,0.933750,0.990645,0.514680,0.627575
0,B,False,82,8429949523851626037,0.970613,0.981132,0.950314,0.988833,0.539759,0.734552
0,B,False,83,10625789809040938924,0.997321,0.990529,0.841334,0.996020,0.886318,1.131967
0,B,False,84,7323021778516561033,0.398843,0.992466,0.741780,0.997580,1.260365,1.930564
0,B,False,85,17351807296096434206,0.872439,0.970883,0.884894,0.977245,0.613080,0.847470
0,B,False,86,10488284877416351363,0.206560,0.992433,0.655981,0.998433,2.828244,4.496214
0,B,False,87,10425690760161580294,0.519070,0.998243,0.724656,0.998496,1.631175,2.035252
0,B,False,88,11290716188760566105,0.151325,0.996164,0.768169,0.997324,1.477001,2.104591
0,B,False,89,3071557683751029957,0.200231,0.979921,0.635951,0.983647,3.243921,4.291098
0,B,False,90,6668639990356663155,0.070061,0.962223,0.576748,0.987795,2.770634,3.877768
0,B,False,91,15453338452008338158,0.556976,0.995850,0.841957,0.998955,0.968189,1.242263
0,B,False,92,12445374721324425945,0.871482,0.999113,0.919804,0.998658,0.653908,0.859419
0,B,False,93,12102051444333430969,0.484052,0.955918,0.820687,0.983127,0.759917,1.114924
0,B,False,94,4270178746539578890,0.789597,0.994075,0.762996,0.995696,1.129213,1.311108
0,B,False,95,415915742581952632,0.994120,0.953602,0.969051,0.981130,0.519955,0.797499
0,B,False,96,13160564818314794778,0.872422,0.994590,0.941917,0.998630,0.500353,0.667411
0,B,False,97,8297630469199321273,0.246504,0.999751,0.458809,0.995018,4.079673,4.814923
0,B,False,98,2024780049722463762,0.809039,0.999643,0.474693,0.997457,3.066577,3.349415
0,B,False,99,8272763099127616356,0.081820,0.919594,0.273277,0.964507,3.761977,4.401405
0,B,False,100,7907310815272351480,0.589859,0.975200,0.643636,0.991189,2.109449,2.666930
0,B,False,101,8919572360003037733,0.110134,0.982201,0.602165,0.996266,2.502200,3.912713
0,B,False,102,2256239934813566588,0.121245,0.993275,0.649870,0.995074,1.697952,2.465518
0,B,False,103,5941016352435333481,0.965185,0.999971,0.480803,0.998949,2.769013,3.146621
0,B,False,104,3890179285335390609,0.856158,0.988549,0.604431,0.997913,1.944213,2.207718
0,B,False,105,1143588545465723632,0.624168,0.960927,0.826204,0.974780,1.009101,1.428716
0,B,False,106,13452058666802791191,0.999995,0.999865,0.963076,0.995600,0.567677,0.762093
0,B,False,107,825539370941933605,0.060226,0.963609,0.347249,0.986001,3.940513,4.844021
0,B,False,108,4971263419176091714,0.000184,0.948559,0.588399,0.980222,1.781740,2.822707
0,B,False,109,14513301737419025520,0.360825,0.991214,0.820386,0.993740,1.188084,1.722262
0,B,False,110,12657170792695931112,0.001363,0.996926,0.408661,0.979673,2.999110,4.069809
0,B,False,111,14554728232899413977,0.986520,0.983481,0.929851,0.992079,0.506270,0.560858
0,B,False,112,3285507139685542476,0.259446,0.999348,0.594771,0.998193,2.109076,2.673546
0,B,False,113,4279155023737222899,0.168501,0.943736,0.854376,0.975525,0.806990,1.368949
0,B,False,114,16834022921450468354,0.662926,0.971531,0.780032,0.995447,1.084534,1.572536
0,B,False,115,9223606929073461462,0.999409,0.893334,0.895613,0.968391,1.196638,1.413367
0,B,False,116,4563343505542545135,0.164251,0.998790,0.713895,0.998440,2.920944,4.711605
0,B,False,117,1793793917346988005,0.796925,0.996958,0.497905,0.995964,2.503621,2.801428
0,B,False,118,13948109408276176612,0.333144,0.984132,0.281851,0.991162,4.342978,4.853092
0,B,False,119,1874348788710582351,0.614943,0.980846,0.533420,0.987774,2.139699,2.463015
0,B,False,120,18055481954459928017,0.519941,0.941770,0.386916,0.984075,5.009875,5.829106
0,B,False,121,6759364069723208998,0.830761,0.956743,0.970294,0.992775,0.410277,0.619874
0,B,False,122,2701525060871462804,0.750744,0.955799,0.947546,0.985366,0.503254,0.788178
0,B,False,123,9537889934652134712,0.984845,0.999630,0.864801,0.998922,0.820018,1.158918
0,B,False,124,1329224620767936773,0.505109,0.999556,0.894985,0.997857,0.653894,1.073778
0,B,False,125,10330575857816938123,0.634886,0.989428,0.908504,0.997151,0.705442,1.079601
0,B,False,126,7118456129573124430,0.965112,0.999442,0.956415,0.997620,0.497125,0.702249
0,B,False,127,11095297396665690069,0.786839,0.941083,0.925786,0.980961,0.595432,0.785840
0,B,False,128,498760509776609174,0.003183,0.989580,0.743834,0.990893,1.359509,2.519726
0,B,False,129,16100216468074718207,0.001521,0.987445,0.304116,0.986894,5.263951,6.453629
0,B,False,130,18170179375270938255,0.795734,0.985897,0.958862,0.988593,0.612623,0.804971
0,B,False,131,15938280625536513631,0.165147,0.946788,0.314740,0.981706,3.442828,4.202120
0,B,False,132,1863595606247557403,0.998403,0.985944,0.979344,0.994732,0.522441,0.685642
0,B,False,133,8779269494373167123,0.302270,0.997624,0.833575,0.996136,1.026453,1.572574
0,B,False,134,15673294531230463559,0.148417,0.988644,0.339851,0.993558,4.147869,4.953588
0,B,False,135,6546157702392299646,0.929359,0.999752,0.671623,0.997061,1.541791,1.777109
0,B,False,136,14175486175583147887,0.527866,0.999563,0.855511,0.998874,0.943186,1.491373
0,B,False,137,2723616798389846593,0.748762,0.993933,0.944976,0.995227,0.534710,0.769380
0,B,False,138,4253040765001152812,0.532140,0.998439,0.837357,0.997579,0.955808,1.272707
0,B,False,139,7183569130053270251,0.557430,0.990947,0.906427,0.989769,0.552480,0.793051
0,B,False,140,14876798086321358358,0.938984,0.978258,0.791372,0.991851,1.320648,1.535174
0,B,False,141,818285479060412438,0.051626,0.988203,0.645718,0.987009,2.409304,3.362926
0,B,False,142,17810835190234706811,0.889908,0.997748,0.941160,0.995309,0.624546,0.785123
0,B,False,143,14937736043367929972,0.433992,0.990552,0.608024,0.994254,1.888402,2.516997
0,B,False,144,14551305983604970407,0.125149,0.999169,0.415083,0.999482,3.719951,4.455924
0,B,False,145,13265647662600768821,0.305985,0.999371,0.785088,0.998671,1.151501,1.606696
0,B,False,146,4419254689044984187,0.483681,1.000000,0.520206,0.999101,2.591154,3.072980
0,B,False,147,8892460906512563003,0.989193,0.999452,0.526426,0.994216,2.342286,2.846499
0,B,False,148,14896333487085688320,0.995170,0.998278,0.941589,0.997742,0.525108,0.764235
0,B,False,149,10380545843764232654,0.798038,0.999643,0.859724,0.994091,0.763102,1.006766
0,B,False,150,6630120930247150382,0.994814,0.999802,0.951149,0.997537,0.439582,0.525714
0,B,False,151,10665621507777772520,0.421431,0.985574,0.571834,0.994336,2.548427,3.133408
0,B,False,152,1738081950813811106,0.884403,0.999983,0.784607,0.992445,1.044513,1.364464
0,B,False,153,17899349771188291029,0.009665,0.974361,0.657909,0.986228,2.080727,3.130413
0,B,False,154,8812064127872443066,0.390122,0.991664,0.581767,0.996928,2.320087,2.827447
0,B,False,155,3253323538317167122,0.635600,0.983682,0.954423,0.987570,0.542924,0.834390
0,B,False,156,10414933645770106716,0.999984,0.993350,0.598358,0.998275,2.236421,2.605210
0,B,False,157,16823716647236655461,0.758289,0.999328,0.951065,0.997929,0.578441,0.943295
0,B,False,158,14151171250347361643,0.993954,0.996937,0.964272,0.998669,0.524611,0.705924
0,B,False,159,5784256038332739669,0.159522,0.992750,0.584338,0.994695,4.309067,5.927026
0,B,False,160,13922804056035861309,0.439983,0.995920,0.671499,0.996825,1.967825,2.485973
0,B,False,161,10811508319269836193,0.940437,0.990321,0.825252,0.995743,0.930142,1.289514
0,B,False,162,14101135820784492977,0.576701,0.999918,0.692208,0.999183,1.539028,1.906645
0,B,False,163,8426529291970484699,0.941639,0.863190,0.818187,0.935216,0.542681,0.741521
0,B,False,164,5387733996514614122,0.931987,0.984381,0.947237,0.987834,0.516078,0.808333
0,B,False,165,632356201489216354,0.130646,0.932846,0.491562,0.973478,1.857703,2.455527
0,B,False,166,14255574563921086766,0.090512,1.000000,0.666778,0.993582,3.859591,5.467458
0,B,False,167,2579797834808679832,0.676496,0.999469,0.691427,0.995595,1.862061,2.238783
0,B,False,168,16414102953224792267,0.038856,0.999995,0.684693,0.990989,3.998106,5.640175
0,B,False,169,6692421827244363951,0.618897,0.999444,0.933783,0.998520,0.644350,0.971557
0,B,False,170,3877599420909139526,0.975678,0.971480,0.960233,0.994065,0.474011,0.583317
0,B,False,171,13026377236299590074,0.577650,0.974779,0.669527,0.993592,1.712904,2.356123
0,B,False,172,11889748274810362994,0.279656,0.999985,0.860348,0.999002,1.066759,1.597467
0,B,False,173,11819234196926277566,0.030932,0.982951,0.627628,0.993526,1.631778,2.829392
0,B,False,174,11759541634526467721,0.173805,0.994431,0.763873,0.998020,1.463754,2.060129
0,B,False,175,6911733858453867683,0.891256,0.980093,0.666850,0.992670,2.020506,2.452351
0,B,False,176,2879679186955224669,0.975116,0.999964,0.761023,0.998570,1.220961,1.455894
0,B,False,177,3080514693772911641,0.000877,0.956853,0.624787,0.979499,1.873381,2.927636
0,B,False,178,9872307904607576762,0.977348,0.996539,0.681949,0.994547,2.043031,2.454748
0,B,False,179,7654013680245477515,0.985177,0.995102,0.870743,0.991304,0.714603,0.944591
0,B,False,180,12761781976288209900,0.994771,0.998026,0.963881,0.995407,0.424428,0.545361
0,B,False,181,1733502000736036112,0.014934,0.967343,0.577701,0.991361,2.290149,3.145759
0,B,False,182,6041916978047591176,0.999426,0.996476,0.747700,0.998004,1.161529,1.369544
0,B,False,183,6409865495178403902,0.465491,0.999981,0.898417,0.992216,0.838524,1.259040
0,B,False,184,7321294978425608053,0.515503,0.998468,0.924411,0.999250,0.609236,0.943579
0,B,False,185,12422813314409448693,0.564762,0.998528,0.911337,0.998588,0.648368,0.914602
0,B,False,186,8059778070704714746,0.378712,0.881664,0.487961,0.939642,5.244665,6.895878
0,B,False,187,1206506119366577701,0.779060,0.995975,0.926294,0.996364,0.651701,0.882594
0,B,False,188,11642914151321440517,0.359444,0.989719,0.664720,0.996060,2.121729,2.877725
0,B,False,189,2200725611864922824,1.000000,0.943861,0.829122,0.986082,1.149723,1.351332
0,B,False,190,5645983475351932490,0.033461,0.994998,0.715168,0.990527,2.178344,3.147457
0,B,False,191,2392528882247587823,0.027855,0.961176,0.608339,0.990542,2.093866,2.777823
0,B,False,192,15483434965078772100,0.864238,0.999183,0.963958,0.999262,0.433404,0.706209
0,B,False,193,7046595559061846252,0.238431,0.999219,0.827777,0.996788,0.901270,1.664491
0,B,False,194,8604254814403170605,0.939559,0.997035,0.707693,0.995436,1.344914,1.692480
0,B,False,195,5289729503512552104,0.347230,0.967555,0.891457,0.993803,0.653955,1.068970
0,B,False,196,16743614088088865918,0.020191,0.999847,0.621381,0.997369,2.590202,3.687203
0,B,False,197,1830014350420115066,0.061233,0.972515,0.538401,0.984282,2.014818,2.644291
0,B,False,198,10240479074490114078,0.730355,0.997780,0.889585,0.998966,0.791551,1.052593
0,B,False,199,14873079815662905021,0.656709,0.980990,0.647325,0.990120,1.590269,1.990953
1,C,False,0,7823220605447734722,0.973208,0.993587,0.826473,0.998162,1.078025,1.246385
1,C,False,1,3360261949553755004,0.975322,0.992906,0.891267,0.995930,0.812863,1.129864
1,C,False,2,17918722357745603391,0.965147,0.984210,0.868159,0.991448,0.681759,0.764790
1,C,False,3,13047860582671187923,0.885369,0.887782,0.434911,0.919533,2.976040,3.488172
1,C,False,4,12101104037260853741,0.791893,0.999745,0.905256,0.999412,0.685950,0.931485
1,C,False,5,3419051043861357974,0.999966,0.997128,0.856921,0.996082,0.915476,1.481760
1,C,False,6,12589656189573883740,0.998840,0.978126,0.694304,0.984633,1.942239,2.840302
1,C,False,7,3667574126699473590,0.980114,0.988381,0.944649,0.994970,0.432920,0.592570
1,C,False,8,15745939680907434392,0.846952,0.964577,0.851782,0.993064,0.850951,1.281683
1,C,False,9,12674688285153584404,0.995260,0.997028,0.920926,0.998054,0.603622,0.809267
1,C,False,10,130386036099209291,0.850268,0.999961,0.809949,0.998723,1.196444,1.792424
1,C,False,11,11673236025370554425,0.999967,0.999782,0.907056,0.997189,0.658512,0.962188
1,C,False,12,4240322574159367066,0.943144,0.992511,0.832144,0.997056,1.171251,1.482743
1,C,False,13,14939536600783805402,0.938258,0.993449,0.828840,0.998809,1.069034,1.447471
1,C,False,14,13416314771570177077,0.470794,0.973443,0.870919,0.995042,0.790874,1.179782
1,C,False,15,52311016626875733,0.920193,0.997034,0.931834,0.997897,0.632561,0.852763
1,C,False,16,13335046124629134855,0.879455,0.963028,0.982378,0.989875,0.465003,0.594709
1,C,False,17,6699378732475172916,0.852306,0.999607,0.862419,0.991926,1.108255,1.416786
1,C,False,18,6672113573794557623,0.755010,0.954900,0.724356,0.978228,1.120809,1.239909
1,C,False,19,16296482569573595274,0.837364,0.987093,0.946662,0.997327,0.618637,0.705231
1,C,False,20,7178976531962467619,0.984656,0.959787,0.913378,0.959278,0.491426,0.762020
1,C,False,21,16534214468370022833,0.985071,0.986594,0.648805,0.991768,1.879215,2.334695
1,C,False,22,16513553947737408641,0.980788,0.988679,0.831204,0.984363,0.819453,0.988631
1,C,False,23,6588264193823881302,0.464205,0.993424,0.570251,0.992378,1.917075,2.499789
1,C,False,24,13847035299489426041,0.999028,0.999893,0.812871,0.995941,0.951969,1.168077
1,C,False,25,3436539641273236137,0.667830,0.986445,0.877812,0.998782,0.845790,1.300050
1,C,False,26,2562174795283169040,0.990432,0.984274,0.980371,0.997771,0.480679,0.567858
1,C,False,27,14244553284439517644,0.996585,0.993220,0.898773,0.987998,0.662486,0.793805
1,C,False,28,17608913133450497815,0.963569,1.000000,0.969162,0.998905,0.441272,0.595885
1,C,False,29,17996006275527319704,0.812957,0.981156,0.855532,0.995600,0.830006,1.046811
1,C,False,30,5678511018710248648,0.961527,0.999076,0.537095,0.995711,5.174869,6.479488
1,C,False,31,17806121122449600552,0.979502,0.990062,0.910062,0.997619,0.614942,0.916042
1,C,False,32,18087052827802349198,0.765244,0.980413,0.581864,0.996055,2.511695,3.151070
1,C,False,33,2826954751529832061,0.998714,0.992089,0.625304,0.982319,1.921289,2.428559
1,C,False,34,7785862984183382969,0.932324,0.958002,0.786191,0.986483,1.037995,1.274789
1,C,False,35,2474665726529795206,0.995155,0.973688,0.864550,0.992838,1.090126,1.237505
1,C,False,36,15413862931333232287,0.969271,0.990491,0.672842,0.998353,2.090486,2.878906
1,C,False,37,13823279078916585379,0.958272,0.991456,0.862845,0.997086,1.055986,1.308238
1,C,False,38,8552280754816368181,0.941522,0.997013,0.938293,0.998256,0.576006,0.671012
1,C,False,39,2098316941545326701,0.999904,0.996796,0.763671,0.999062,1.369296,1.741432
1,C,False,40,6624003080662789651,0.931838,0.989238,0.956177,0.993664,0.466971,0.630554
1,C,False,41,3883409303016955911,0.889040,0.980515,0.831406,0.992688,1.137060,1.672423
1,C,False,42,2098484214215913853,0.986000,0.987748,0.880004,0.995479,0.789196,1.109771
1,C,False,43,354812032807674542,0.805233,0.973731,0.599842,0.989421,1.878879,2.064278
1,C,False,44,16932598909404653156,0.911117,0.998372,0.627359,0.996410,2.132515,2.549051
1,C,False,45,16824646918711359935,0.849046,0.999945,0.916166,0.999464,0.648626,0.929852
1,C,False,46,18099298932906849525,0.891078,0.985702,0.923465,0.990696,0.554585,0.593599
1,C,False,47,5344702288507899276,0.936414,0.991739,0.866280,0.997044,0.783430,1.066814
1,C,False,48,15516356955829044527,0.975731,0.989254,0.950968,0.981730,0.784465,0.998997
1,C,False,49,9652615256568975426,0.982736,0.999685,0.935081,0.997459,0.642283,0.722418
1,C,False,50,5899950009947580327,0.871335,0.990680,0.928686,0.998724,0.684483,1.053457
1,C,False,51,155163627815251536,0.971577,0.970841,0.966276,0.986532,0.561895,0.672517
1,C,False,52,5001251344622740117,0.999690,0.981884,0.649335,0.997714,1.956260,2.271163
1,C,False,53,13234541246198717719,0.724213,0.987260,0.618067,0.993967,1.889222,2.240312
1,C,False,54,16533366284157705106,0.853787,0.967995,0.866093,0.979158,0.582676,0.812816
1,C,False,55,2117599770228979790,0.998894,0.971762,0.819414,0.984016,0.970339,1.210173
1,C,False,56,13366055447721603840,0.949319,0.949009,0.691204,0.944478,1.103962,1.443142
1,C,False,57,11076522649891567910,0.889748,0.974861,0.971599,0.993011,0.417330,0.546420
1,C,False,58,7870429157351059359,0.911146,0.994827,0.593505,0.993293,2.008506,2.417393
1,C,False,59,14420012116733949093,0.937816,0.941198,0.976369,0.980665,0.404731,0.498368
1,C,False,60,327961059537685436,0.937788,0.999881,0.669498,0.999392,1.729505,2.106729
1,C,False,61,3860190064395088684,0.983967,0.970186,0.876221,0.984144,0.946275,1.300583
1,C,False,62,8227116463056412739,1.000000,0.998839,0.932100,0.996612,0.568426,0.764586
1,C,False,63,36825879821806677,0.810949,0.993273,0.950447,0.996253,0.533088,0.685109
1,C,False,64,732621004966186327,0.740297,0.999973,0.886713,0.998352,0.754890,1.193300
1,C,False,65,4144293395862699382,0.919766,0.985760,0.700252,0.991314,1.407308,1.599769
1,C,False,66,6672458013022873412,0.977154,0.973296,0.875893,0.993314,0.705796,0.889592
1,C,False,67,15316783551587354858,0.997590,0.999435,0.653840,0.996508,2.214314,2.467856
1,C,False,68,4957885649897097966,0.740483,0.954569,0.769606,0.988307,0.919079,1.109386
1,C,False,69,11369042854369383293,0.997208,0.960994,0.860497,0.971274,0.629471,0.772639
1,C,False,70,12469543040130518537,0.855799,0.998688,0.968278,0.996575,0.499539,0.654019
1,C,False,71,1692661429523449239,0.996924,0.999999,0.870088,0.999444,0.852226,1.193512
1,C,False,72,16081387120139323257,0.956678,0.991485,0.990058,0.994402,0.395974,0.504566
1,C,False,73,15503968852551494232,0.988658,0.977211,0.606812,0.997157,2.374551,2.794424
1,C,False,74,5909764651216837976,0.880519,0.997237,0.882252,0.994915,0.765103,0.901399
1,C,False,75,5231579201714807687,0.917300,0.999993,0.961002,0.998785,0.423672,0.655194
1,C,False,76,12549639007952069543,0.991635,0.965703,0.794323,0.990215,1.549670,1.831012
1,C,False,77,17213925078797606076,0.917037,0.987606,0.948624,0.996526,0.452327,0.585815
1,C,False,78,1825354369873983507,0.966159,0.996035,0.885341,0.996823,0.829760,1.084308
1,C,False,79,12510132611121074868,0.989118,0.979105,0.904025,0.994878,0.709096,0.855286
1,C,False,80,17860625069390269402,0.834799,0.997688,0.886063,0.999241,0.800839,0.949808
1,C,False,81,13318879732659955421,0.962371,0.992416,0.843745,0.988673,0.669798,0.767144
1,C,False,82,3791198185484700404,0.953827,0.997833,0.779484,0.995794,1.434003,1.552533
1,C,False,83,18094934153263207018,0.955240,0.983839,0.973222,0.992997,0.473905,0.601579
1,C,False,84,102213511729854648,0.811727,0.999817,0.907937,0.996265,0.788589,0.964842
1,C,False,85,12033387989126740441,0.999976,0.998202,0.956113,0.995202,0.401757,0.511348
1,C,False,86,11019052771957141486,0.891234,0.954076,0.941193,0.979573,0.527886,0.688154
1,C,False,87,9987187324859440757,0.809896,0.991556,0.942500,0.998443,0.541223,0.681623
1,C,False,88,11076459742163877316,0.958829,0.995469,0.554084,0.990856,2.130826,2.565566
1,C,False,89,4109816161527519424,0.869474,0.998991,0.741636,0.998133,1.732611,2.300530
1,C,False,90,13721389105606611018,0.838124,0.980250,0.923644,0.989372,0.699194,0.855812
1,C,False,91,17642688204823682596,0.836680,0.999968,0.917240,0.998719,0.730928,0.914380
1,C,False,92,12863786876997085946,0.962448,0.946018,0.472858,0.950468,2.808206,3.195048
1,C,False,93,9904904023791539100,0.984747,0.999844,0.731678,0.991031,1.873846,2.364398
1,C,False,94,1711585921792691346,0.961413,0.999964,0.841480,0.998987,0.909862,1.209250
1,C,False,95,2861844490437268241,0.940652,0.999670,0.966601,0.996055,0.538275,0.769500
1,C,False,96,11847839562583246392,0.816502,0.934046,0.944808,0.984943,0.496675,0.670113
1,C,False,97,3838848487862148528,0.939660,0.965767,0.830927,0.994613,0.988196,1.382673
1,C,False,98,3750829085176521237,0.473572,0.932646,0.806726,0.978921,1.071940,1.426377
1,C,False,99,10938673670030773172,0.996954,0.996176,0.924982,0.998774,0.547618,0.739923
1,C,False,100,16745534380438117417,0.988861,0.988143,0.874366,0.997843,0.815990,1.230084
1,C,False,101,706379363329877282,0.640050,0.922128,0.878901,0.983342,0.602588,0.724593
1,C,False,102,16830871667720053804,0.982096,0.999657,0.925371,0.993909,0.594727,0.928672
1,C,False,103,7362080646045726024,0.946903,0.999788,0.581154,0.991889,2.021578,2.435655
1,C,False,104,12065978325801906662,0.868040,0.995591,0.935628,0.993590,0.629139,1.005309
1,C,False,105,3451802620075397225,0.992331,1.000000,0.887054,0.998703,0.826453,1.031622
1,C,False,106,12189785017339215167,0.999942,0.992518,0.957663,0.987428,0.658637,0.799269
1,C,False,107,8136461074077179205,0.911598,0.909637,0.705548,0.971464,1.157959,1.371475
1,C,False,108,115437243600808457,0.986155,0.992283,0.958587,0.996836,0.536004,0.636689
1,C,False,109,2564729328331404193,0.937210,0.944776,0.882633,0.961951,0.553993,0.762812
1,C,False,110,12251402239409264325,0.968313,0.999988,0.813996,0.999430,1.144921,1.393726
1,C,False,111,2203004839663235785,0.992872,0.996804,0.955284,0.997151,0.476726,0.560719
1,C,False,112,3038674625838264249,0.880735,0.973111,0.920285,0.990521,0.557605,0.786325
1,C,False,113,6034243530695299558,0.970053,0.994414,0.924701,0.998001,0.707230,0.815496
1,C,False,114,8827454341521757900,0.568106,0.998616,0.925220,0.996266,0.678139,1.013956
1,C,False,115,17726915370024338844,0.977888,0.958777,0.968036,0.986160,0.633592,0.751632
1,C,False,116,14158414604069104589,0.894290,0.993453,0.675416,0.998875,1.802418,2.110125
1,C,False,117,15133829938363252743,0.815614,0.994576,0.764780,0.997842,1.186225,1.575600
1,C,False,118,9783358265638319282,0.999725,0.991731,0.811319,0.994745,0.879376,1.123201
1,C,False,119,12756680094094053246,0.906360,0.993995,0.926564,0.991228,0.609746,0.754478
1,C,False,120,16420906384418601184,0.939450,0.989734,0.801116,0.994327,0.955411,1.148746
1,C,False,121,8428335026370279944,0.984916,0.977532,0.847986,0.993239,0.776117,1.183894
1,C,False,122,5283978947587324079,0.720965,0.984011,0.872997,0.980971,0.576311,0.794940
1,C,False,123,12832649547511595388,0.845468,0.990523,0.653750,0.972421,1.728497,2.450999
1,C,False,124,17198062724826950217,0.986193,0.998589,0.959557,0.999331,0.501093,0.799797
1,C,False,125,6798039275189052480,0.684569,0.996739,0.815532,0.996869,0.955134,1.254962
1,C,False,126,2706027302868140451,0.741358,0.999988,0.882961,0.983740,0.688459,1.043115
1,C,False,127,9778740488290412332,0.849618,0.999611,0.670070,0.998734,1.773289,2.150918
1,C,False,128,13096596143457073221,0.560071,0.886034,0.906525,0.976278,0.640083,1.012312
1,C,False,129,12508090596224738896,0.989143,0.999953,0.644667,0.998416,1.853226,2.199121
1,C,False,130,1426287156828733753,0.845366,0.999219,0.918590,0.997431,0.725775,0.926120
1,C,False,131,7667554228982971968,0.972230,0.972575,0.956437,0.997234,0.548354,0.667110
1,C,False,132,3470693052774828048,0.852578,0.924196,0.892373,0.966705,0.451324,0.529294
1,C,False,133,2661221001374952190,0.958999,0.996394,0.632874,0.998517,1.835939,2.160671
1,C,False,134,4514824534123678468,0.973722,0.972280,0.952922,0.981517,0.615638,0.706987
1,C,False,135,13239536720889055254,0.901737,0.988442,0.964582,0.995566,0.537962,0.680010
1,C,False,136,15609591011173610423,0.959438,0.981745,0.757016,0.984781,1.098755,1.554438
1,C,False,137,3072240082765831666,0.988946,0.999974,0.633122,0.994341,2.862267,3.855576
1,C,False,138,3577581352126404039,0.979164,0.988007,0.937607,0.982162,0.790136,1.067234
1,C,False,139,15912541422818580143,0.987605,0.998359,0.975990,0.997629,0.408235,0.534962
1,C,False,140,6175378597196865078,0.988780,0.977056,0.811572,0.993741,0.975095,1.114049
1,C,False,141,395659883877716773,0.949101,0.996443,0.896526,0.998162,0.686850,0.847697
1,C,False,142,753302202564530408,0.893234,0.987798,0.926559,0.991026,0.566217,0.819701
1,C,False,143,422311988400940070,0.997436,0.972923,0.763628,0.983907,1.532169,1.895798
1,C,False,144,18131398904114839406,0.696547,0.986478,0.890652,0.976576,0.511485,0.812038
1,C,False,145,3333042944451901500,0.802476,0.984178,0.744610,0.992662,1.520051,2.115590
1,C,False,146,128129292411600605,0.976242,0.966933,0.959008,0.992144,0.530165,0.629495
1,C,False,147,12678891823933860379,0.978398,0.999591,0.739248,0.997757,1.446087,1.660917
1,C,False,148,15625226078543124015,0.984857,0.999647,0.933092,0.999160,0.531917,0.799012
1,C,False,149,6805007676115436866,0.964475,0.998442,0.955913,0.998838,0.540036,0.641495
1,C,False,150,3519565948477178966,0.911273,0.913450,0.868052,0.953615,0.588305,0.719110
1,C,False,151,16593385522959679433,0.998700,0.999987,0.796771,0.995392,1.194460,1.324333
1,C,False,152,7802140501713512813,0.782576,0.994263,0.951033,0.998356,0.535889,0.770392
1,C,False,153,5156352611329804268,0.924896,0.975559,0.891032,0.967737,0.503256,0.702932
1,C,False,154,1783152175994700585,0.912674,0.983148,0.940877,0.996821,0.511784,0.766252
1,C,False,155,1780113682158910139,0.990316,0.999822,0.846126,0.996137,1.085364,1.180953
1,C,False,156,13160995690095656400,0.977386,0.999992,0.904164,0.995281,0.626979,0.976775
1,C,False,157,15514665233176403475,0.937295,0.956098,0.582023,0.987381,2.450349,2.828404
1,C,False,158,17679364930655380689,0.952891,0.999220,0.811856,0.999160,1.085414,1.202422
1,C,False,159,9573550315975695711,0.999290,0.992489,0.709693,0.998512,1.783839,2.068903
1,C,False,160,16266354996806614189,0.807561,0.981557,0.893696,0.993948,1.004430,1.191040
1,C,False,161,12765536374399240239,0.860574,0.973139,0.943239,0.996314,0.547120,0.855870
1,C,False,162,7367088719604590173,0.874566,0.995529,0.916109,0.998475,0.772556,0.892318
1,C,False,163,8402394678295124495,0.998534,0.993154,0.957869,0.996848,0.582284,0.740319
1,C,False,164,1949975606712277077,0.646923,0.999935,0.897904,0.993373,0.605175,0.895956
1,C,False,165,10629140153010252065,0.933080,0.991693,0.635356,0.989400,1.962067,2.345847
1,C,False,166,10173203195642748652,0.758423,0.954205,0.707686,0.994306,1.661618,2.111626
1,C,False,167,3208869676859343447,0.979758,0.996209,0.886221,0.974703,0.882932,1.200636
1,C,False,168,15836734687034935976,0.996468,0.998681,0.638376,0.999313,2.117380,2.417697
1,C,False,169,12450160297867930053,0.916227,0.989974,0.962707,0.997067,0.532174,0.793119
1,C,False,170,1384707418514369194,0.935614,0.993225,0.919464,0.997467,0.583604,0.917748
1,C,False,171,13618675687713624504,0.902289,0.938807,0.906136,0.975957,0.438739,0.539493
1,C,False,172,12620437216552030256,0.983696,0.968246,0.852625,0.983273,1.306673,1.446393
1,C,False,173,868427328848709021,0.884492,0.997472,0.801492,0.997870,1.245453,1.559216
1,C,False,174,10037588567612645200,0.968215,0.999342,0.834313,0.997447,1.153959,1.276346
1,C,False,175,14499913726119038869,0.999494,0.957840,0.794719,0.964401,0.722444,0.863828
1,C,False,176,292375812852163874,0.626984,0.993486,0.706304,0.994132,1.308998,1.540327
1,C,False,177,11575938145727640429,0.971088,0.985838,0.903960,0.990493,0.553662,0.809820
1,C,False,178,3873316875731519699,0.652209,0.888733,0.827369,0.963132,0.696993,0.930514
1,C,False,179,15831351512759232139,0.963003,0.999860,0.977295,0.998629,0.398544,0.529272
1,C,False,180,6809532538181814531,0.886160,0.999698,0.840376,0.998848,1.041836,1.518430
1,C,False,181,11405783348824116912,0.959898,0.999677,0.978811,0.998222,0.443442,0.581506
1,C,False,182,4007369067791722730,0.793765,0.980663,0.877220,0.995278,0.693742,0.951709
1,C,False,183,15731479537327072252,0.992169,0.986108,0.950471,0.993720,0.497905,0.728190
1,C,False,184,714654852894782458,0.896314,0.999555,0.576247,0.991453,1.963902,2.255759
1,C,False,185,17151928788584993480,0.999520,0.995830,0.921955,0.996534,0.677974,0.946393
1,C,False,186,9798547753284937911,0.995605,0.916670,0.570588,0.928255,1.648911,2.058840
1,C,False,187,16676138805936508759,0.983838,0.998902,0.759720,0.993350,1.106600,1.439322
1,C,False,188,6172953113992902709,0.842887,0.962325,0.955267,0.994466,0.546274,0.778141
1,C,False,189,2549942622219059980,0.931605,0.985022,0.423605,0.986088,4.341480,5.094021
1,C,False,190,11113301367228951045,0.995357,0.985042,0.959852,0.987811,0.416261,0.618706
1,C,False,191,7909184983219584586,0.953981,0.993576,0.663910,0.998054,1.681745,2.027596
1,C,False,192,975373573938616123,0.999956,0.991280,0.899028,0.998012,0.712493,1.003957
1,C,False,193,7743353754489607545,0.967850,0.999354,0.477873,0.997928,4.120343,4.649560
1,C,False,194,2848204940562025195,0.849898,0.990396,0.551532,0.997274,2.483249,2.959457
1,C,False,195,7358563302924953285,0.371278,0.982416,0.890686,0.992836,0.635172,1.010824
1,C,False,196,17729388975539941845,0.916901,0.999971,0.843427,0.998345,0.875501,1.147996
1,C,False,197,16912477777581356012,0.999597,0.973665,0.915143,0.993493,0.741662,0.924672
1,C,False,198,2563797418468573326,0.986146,0.999803,0.957966,0.992952,0.529804,0.670258
1,C,False,199,447439993742484686,0.883269,0.992364,0.864306,0.993600,0.677332,0.917888
