t,b1_policy,v01_policy,v02_policy,v02_mode,regret_b1,regret_v01,regret_v02,adv_v02_vs_b1,adv_v02_vs_v01
0,B1,B1,HYBRID,DEPLOY,0.12411318517265191,0.12411318517265191,0.0,0.12411318517265191,0.12411318517265191
1,B1,GLOBAL,GLOBAL,DEPLOY,0.010457971547767841,0.0,0.0,0.010457971547767841,0.0
2,B1,HYBRID,HYBRID,DEPLOY,0.04584955314496164,0.0,0.0,0.04584955314496164,0.0
3,B1,B1,GLOBAL,DEPLOY,0.09590547402429461,0.09590547402429461,0.04749755358679175,0.04840792043750286,0.04840792043750286
4,B1,B1,HYBRID,DEPLOY,0.04328973188323504,0.04328973188323504,0.0,0.04328973188323504,0.04328973188323504
5,B1,B1,HYBRID,DEPLOY,0.05654570252672153,0.05654570252672153,0.0,0.05654570252672153,0.05654570252672153
6,B1,B1,HYBRID,DEPLOY,0.08068629099444335,0.08068629099444335,0.0,0.08068629099444335,0.08068629099444335
7,B1,B1,B1,LEARN_UCB,0.0,0.0,0.0,0.0,0.0
8,B1,B1,B1,DEPLOY,0.007631984800009484,0.007631984800009484,0.007631984800009484,0.0,0.0
9,B1,B1,GLOBAL,DEPLOY,0.010877700976609228,0.010877700976609228,0.0,0.010877700976609228,0.010877700976609228
10,B1,B1,LOCAL,LEARN_UCB,0.06115618035615056,0.06115618035615056,0.0050592817779987476,0.05609689857815181,0.05609689857815181
11,B1,B1,HYBRID,DEPLOY,0.06645362900357643,0.06645362900357643,0.0,0.06645362900357643,0.06645362900357643
12,B1,HYBRID,HYBRID,DEPLOY,0.05168352250117714,0.0,0.0,0.05168352250117714,0.0
13,B1,B1,HYBRID,LEARN_UCB,0.01614935728217004,0.01614935728217004,0.0,0.01614935728217004,0.01614935728217004
14,B1,B1,HYBRID,DEPLOY,0.09027519432130704,0.09027519432130704,0.0,0.09027519432130704,0.09027519432130704
15,B1,B1,HYBRID,DEPLOY,0.05318041521696337,0.05318041521696337,0.0,0.05318041521696337,0.05318041521696337
16,B1,B1,HYBRID,DEPLOY,0.02610179754430797,0.02610179754430797,0.0,0.02610179754430797,0.02610179754430797
17,B1,B1,B1,DEPLOY,0.0,0.0,0.0,0.0,0.0
18,B1,B1,B1,DEPLOY,0.002596753379372929,0.002596753379372929,0.002596753379372929,0.0,0.0
19,B1,B1,LOCAL,DEPLOY,0.0,0.0,0.0205070400593913,-0.0205070400593913,-0.0205070400593913
20,B1,B1,HYBRID,DEPLOY,0.12439943480617566,0.12439943480617566,0.0,0.12439943480617566,0.12439943480617566
21,B1,LOCAL,HYBRID,DEPLOY,0.09551682317803689,0.07167804567323277,0.0,0.09551682317803689,0.07167804567323277
22,B1,B1,HYBRID,LEARN_UCB,0.062103294459579295,0.062103294459579295,0.0,0.062103294459579295,0.062103294459579295
23,B1,B1,B1,DEPLOY,0.0,0.0,0.0,0.0,0.0
24,B1,B1,HYBRID,DEPLOY,0.0836534508486243,0.0836534508486243,0.0,0.0836534508486243,0.0836534508486243
25,B1,B1,HYBRID,DEPLOY,0.1003143735339399,0.1003143735339399,0.0,0.1003143735339399,0.1003143735339399
26,B1,B1,B1,DEPLOY,0.014685975673206175,0.014685975673206175,0.014685975673206175,0.0,0.0
27,B1,B1,B1,DEPLOY,0.009688068022192686,0.009688068022192686,0.009688068022192686,0.0,0.0
28,B1,LOCAL,HYBRID,DEPLOY,0.08505123721999674,0.06280360636755189,0.0,0.08505123721999674,0.06280360636755189
29,B1,B1,LOCAL,DEPLOY,0.03282806452339593,0.03282806452339593,0.020222028996837227,0.012606035526558701,0.012606035526558701
30,B1,HYBRID,HYBRID,LEARN_UCB,0.06092764561248354,0.0,0.0,0.06092764561248354,0.0
31,B1,B1,LOCAL,DEPLOY,0.042802138792558564,0.042802138792558564,0.05782893611533668,-0.015026797322778118,-0.015026797322778118
32,B1,B1,HYBRID,DEPLOY,0.11098505910030265,0.11098505910030265,0.0,0.11098505910030265,0.11098505910030265
33,B1,B1,B1,DEPLOY,0.0,0.0,0.0,0.0,0.0
34,B1,GLOBAL,GLOBAL,DEPLOY,0.08839762194781964,0.0,0.0,0.08839762194781964,0.0
35,B1,HYBRID,HYBRID,DEPLOY,0.03230714780297694,0.0,0.0,0.03230714780297694,0.0
36,B1,GLOBAL,GLOBAL,DEPLOY,0.043891208663206394,0.0,0.0,0.043891208663206394,0.0
37,B1,B1,B1,DEPLOY,0.04759914230004658,0.04759914230004658,0.04759914230004658,0.0,0.0
38,B1,B1,HYBRID,DEPLOY,0.024214237650353687,0.024214237650353687,0.0,0.024214237650353687,0.024214237650353687
39,B1,B1,HYBRID,DEPLOY,0.11665035852199701,0.11665035852199701,0.0,0.11665035852199701,0.11665035852199701
40,B1,B1,LOCAL,DEPLOY,0.09802789493182595,0.09802789493182595,0.0,0.09802789493182595,0.09802789493182595
41,B1,LOCAL,HYBRID,DEPLOY,0.037988126318162174,0.05770527851156326,0.0,0.037988126318162174,0.05770527851156326
42,B1,B1,HYBRID,DEPLOY,0.0852727917057936,0.0852727917057936,0.0,0.0852727917057936,0.0852727917057936
43,B1,B1,B1,DEPLOY,0.0,0.0,0.0,0.0,0.0
44,B1,B1,GLOBAL,DEPLOY,0.06862638117761655,0.06862638117761655,0.0,0.06862638117761655,0.06862638117761655
45,B1,B1,B1,DEPLOY,0.0,0.0,0.0,0.0,0.0
46,B1,B1,HYBRID,DEPLOY,0.045198030042896575,0.045198030042896575,0.0,0.045198030042896575,0.045198030042896575
47,B1,B1,LOCAL,DEPLOY,0.0,0.0,0.001275375504928511,-0.001275375504928511,-0.001275375504928511
48,B1,HYBRID,HYBRID,DEPLOY,0.10553688377617654,0.0,0.0,0.10553688377617654,0.0
49,B1,B1,LOCAL,DEPLOY,0.03515465877168478,0.03515465877168478,0.04137329366740827,-0.006218634895723496,-0.006218634895723496
50,B1,B1,B1,DEPLOY,0.0,0.0,0.0,0.0,0.0
51,B1,B1,B1,DEPLOY,0.0,0.0,0.0,0.0,0.0
52,B1,B1,B1,DEPLOY,0.0,0.0,0.0,0.0,0.0
53,B1,GLOBAL,GLOBAL,DEPLOY,0.04288005988254151,0.03363520009959731,0.03363520009959731,0.009244859782944204,0.0
54,B1,B1,GLOBAL,LEARN_UCB,0.08346373918091321,0.08346373918091321,0.0,0.08346373918091321,0.08346373918091321
55,B1,B1,LOCAL,DEPLOY,0.024215520490751596,0.024215520490751596,0.009681748708906035,0.014533771781845561,0.014533771781845561
56,B1,B1,GLOBAL,DEPLOY,0.08187859344623949,0.08187859344623949,0.001949080349012755,0.07992951309722673,0.07992951309722673
57,B1,B1,B1,DEPLOY,0.0,0.0,0.0,0.0,0.0
58,B1,B1,B1,DEPLOY,0.0037031479505447162,0.0037031479505447162,0.0037031479505447162,0.0,0.0
59,B1,B1,B1,DEPLOY,0.006725968401187887,0.006725968401187887,0.006725968401187887,0.0,0.0
60,B1,LOCAL,HYBRID,DEPLOY,0.0868619209599153,0.061750741383283514,0.0,0.0868619209599153,0.061750741383283514
61,B1,LOCAL,HYBRID,DEPLOY,0.04584129005091031,0.06728058456939234,0.0,0.04584129005091031,0.06728058456939234
62,B1,LOCAL,HYBRID,DEPLOY,0.0677559069539998,0.0,0.007628150148084156,0.060127756805915644,-0.007628150148084156
63,B1,B1,B1,DEPLOY,0.0,0.0,0.0,0.0,0.0
64,B1,B1,GLOBAL,DEPLOY,0.07682775238287753,0.07682775238287753,0.04212324145353952,0.03470451092933802,0.03470451092933802
65,B1,B1,HYBRID,DEPLOY,0.09414768393301065,0.09414768393301065,0.0,0.09414768393301065,0.09414768393301065
66,B1,B1,HYBRID,DEPLOY,0.14792644123278442,0.14792644123278442,0.0,0.14792644123278442,0.14792644123278442
67,B1,LOCAL,HYBRID,DEPLOY,0.111097448930907,0.0,0.07438884464495654,0.036708604285950464,-0.07438884464495654
68,B1,GLOBAL,GLOBAL,DEPLOY,0.11228637117287155,0.0,0.0,0.11228637117287155,0.0
69,B1,B1,LOCAL,DEPLOY,0.05059557989853114,0.05059557989853114,0.010725970391262107,0.03986960950726903,0.03986960950726903
70,B1,B1,GLOBAL,DEPLOY,0.08356882808815791,0.08356882808815791,0.09698326319225736,-0.013414435104099454,-0.013414435104099454
71,B1,B1,HYBRID,DEPLOY,0.10076060861884428,0.10076060861884428,0.0,0.10076060861884428,0.10076060861884428
72,B1,B1,B1,DEPLOY,0.0,0.0,0.0,0.0,0.0
73,B1,B1,B1,DEPLOY,0.0,0.0,0.0,0.0,0.0
74,B1,B1,GLOBAL,DEPLOY,0.10266700512283577,0.10266700512283577,0.0,0.10266700512283577,0.10266700512283577
75,B1,B1,B1,DEPLOY,0.0,0.0,0.0,0.0,0.0
76,B1,B1,B1,DEPLOY,0.0,0.0,0.0,0.0,0.0
77,B1,B1,HYBRID,DEPLOY,0.07871011596059907,0.07871011596059907,0.0,0.07871011596059907,0.07871011596059907
78,B1,LOCAL,HYBRID,DEPLOY,0.09402564253672419,0.0,0.017774648977083918,0.07625099355964027,-0.017774648977083918
79,B1,B1,LOCAL,DEPLOY,0.04475875225548098,0.04475875225548098,0.061876731605274626,-0.017117979349793644,-0.017117979349793644
80,B1,B1,HYBRID,DEPLOY,0.03160567036098305,0.03160567036098305,0.0,0.03160567036098305,0.03160567036098305
81,B1,B1,B1,DEPLOY,0.0,0.0,0.0,0.0,0.0
82,B1,B1,GLOBAL,DEPLOY,0.014989876426626747,0.014989876426626747,0.06637324248177567,-0.05138336605514893,-0.05138336605514893
83,B1,HYBRID,HYBRID,DEPLOY,0.0681749287655995,0.0,0.0,0.0681749287655995,0.0
84,B1,B1,LOCAL,DEPLOY,0.03419918384637988,0.03419918384637988,0.010487315641817818,0.02371186820456206,0.02371186820456206
85,B1,B1,B1,DEPLOY,0.0,0.0,0.0,0.0,0.0
86,B1,B1,LOCAL,DEPLOY,0.06867107235520653,0.06867107235520653,0.0,0.06867107235520653,0.06867107235520653
87,B1,B1,GLOBAL,DEPLOY,0.07601412080205572,0.07601412080205572,0.0,0.07601412080205572,0.07601412080205572
88,B1,HYBRID,HYBRID,DEPLOY,0.1404017957616699,0.0,0.0,0.1404017957616699,0.0
89,B1,LOCAL,HYBRID,DEPLOY,0.0991141448797852,0.04075983774178504,0.0,0.0991141448797852,0.04075983774178504
90,B1,B1,B1,DEPLOY,0.0,0.0,0.0,0.0,0.0
91,B1,B1,HYBRID,DEPLOY,0.09072058446293829,0.09072058446293829,0.0,0.09072058446293829,0.09072058446293829
92,B1,B1,HYBRID,DEPLOY,0.09743494949765197,0.09743494949765197,0.0,0.09743494949765197,0.09743494949765197
93,B1,B1,B1,DEPLOY,0.0,0.0,0.0,0.0,0.0
94,B1,B1,GLOBAL,DEPLOY,0.0,0.0,0.015582239127683972,-0.015582239127683972,-0.015582239127683972
95,B1,B1,B1,DEPLOY,0.0028020448761955086,0.0028020448761955086,0.0028020448761955086,0.0,0.0
96,B1,B1,B1,DEPLOY,0.0,0.0,0.0,0.0,0.0
97,B1,B1,GLOBAL,DEPLOY,0.01327794357440426,0.01327794357440426,0.0095484854936555,0.00372945808074876,0.00372945808074876
98,B1,B1,B1,DEPLOY,0.0,0.0,0.0,0.0,0.0
99,B1,B1,LOCAL,DEPLOY,0.02486332586279849,0.02486332586279849,0.05882605731162471,-0.03396273144882622,-0.03396273144882622
100,B1,B1,GLOBAL,DEPLOY,0.13065050845306136,0.13065050845306136,0.0,0.13065050845306136,0.13065050845306136
101,B1,B1,LOCAL,DEPLOY,0.05030671950157617,0.05030671950157617,0.0,0.05030671950157617,0.05030671950157617
102,B1,GLOBAL,GLOBAL,DEPLOY,0.03719411077612811,0.02009097410977745,0.02009097410977745,0.01710313666635066,0.0
103,B1,HYBRID,HYBRID,DEPLOY,0.06572295696931096,0.0,0.0,0.06572295696931096,0.0
104,B1,B1,LOCAL,DEPLOY,0.06794308774556812,0.06794308774556812,0.0,0.06794308774556812,0.06794308774556812
105,B1,B1,B1,DEPLOY,0.0,0.0,0.0,0.0,0.0
106,B1,B1,HYBRID,DEPLOY,0.1378333174079801,0.1378333174079801,0.0,0.1378333174079801,0.1378333174079801
107,B1,B1,LOCAL,DEPLOY,0.005395594149705474,0.005395594149705474,0.05090129233071217,-0.04550569818100669,-0.04550569818100669
108,B1,LOCAL,HYBRID,DEPLOY,0.023746635471954214,0.0,0.034642794435929436,-0.010896158963975222,-0.034642794435929436
109,B1,LOCAL,HYBRID,DEPLOY,0.056969749073153664,0.05277231321207365,0.0,0.056969749073153664,0.05277231321207365
110,B1,B1,B1,DEPLOY,0.0,0.0,0.0,0.0,0.0
111,B1,B1,GLOBAL,DEPLOY,0.058155911747813316,0.058155911747813316,0.10287154486844619,-0.04471563312063287,-0.04471563312063287
112,B1,B1,B1,DEPLOY,0.0,0.0,0.0,0.0,0.0
113,B1,GLOBAL,GLOBAL,DEPLOY,0.06977185120573048,0.036037509815293745,0.036037509815293745,0.03373434139043674,0.0
114,B1,B1,B1,DEPLOY,0.0,0.0,0.0,0.0,0.0
115,B1,B1,B1,DEPLOY,0.0,0.0,0.0,0.0,0.0
116,B1,B1,B1,DEPLOY,0.0,0.0,0.0,0.0,0.0
117,B1,B1,HYBRID,DEPLOY,0.14365736058056733,0.14365736058056733,0.0,0.14365736058056733,0.14365736058056733
118,B1,B1,HYBRID,DEPLOY,0.03291876818057493,0.03291876818057493,0.0,0.03291876818057493,0.03291876818057493
119,B1,B1,GLOBAL,DEPLOY,0.08814733677970965,0.08814733677970965,0.10544088331421286,-0.017293546534503212,-0.017293546534503212
120,B1,B1,LOCAL,DEPLOY,0.05386839661611742,0.05386839661611742,0.020332468404853254,0.033535928211264165,0.033535928211264165
121,B1,HYBRID,HYBRID,LEARN_UCB,0.07471815508129898,0.0,0.0,0.07471815508129898,0.0
122,B1,B1,HYBRID,DEPLOY,0.04895414086944161,0.04895414086944161,0.0,0.04895414086944161,0.04895414086944161
123,B1,B1,HYBRID,DEPLOY,0.037959298564346655,0.037959298564346655,0.0,0.037959298564346655,0.037959298564346655
124,B1,B1,B1,DEPLOY,0.0,0.0,0.0,0.0,0.0
125,B1,LOCAL,HYBRID,DEPLOY,0.037532660200987,0.027534680710948445,0.0,0.037532660200987,0.027534680710948445
126,B1,B1,B1,DEPLOY,0.0,0.0,0.0,0.0,0.0
127,B1,HYBRID,HYBRID,DEPLOY,0.10114699538192184,0.0,0.0,0.10114699538192184,0.0
128,B1,B1,HYBRID,DEPLOY,0.1294844376848001,0.1294844376848001,0.0,0.1294844376848001,0.1294844376848001
129,B1,B1,HYBRID,DEPLOY,0.04418187442754895,0.04418187442754895,0.0,0.04418187442754895,0.04418187442754895
130,B1,B1,B1,DEPLOY,0.0,0.0,0.0,0.0,0.0
131,B1,HYBRID,HYBRID,DEPLOY,0.029813245119940768,0.0,0.0,0.029813245119940768,0.0
132,B1,B1,B1,DEPLOY,0.0,0.0,0.0,0.0,0.0
133,B1,B1,LOCAL,DEPLOY,0.08208931005087983,0.08208931005087983,0.017789724954211605,0.06429958509666822,0.06429958509666822
134,B1,B1,HYBRID,LEARN_UCB,0.015472314616978289,0.015472314616978289,0.0,0.015472314616978289,0.015472314616978289
135,B1,B1,B1,DEPLOY,0.0016934409231419423,0.0016934409231419423,0.0016934409231419423,0.0,0.0
136,B1,B1,HYBRID,DEPLOY,0.061269098211337525,0.061269098211337525,0.0,0.061269098211337525,0.061269098211337525
137,B1,HYBRID,HYBRID,DEPLOY,0.07046672095044859,0.0,0.0,0.07046672095044859,0.0
138,B1,B1,LOCAL,DEPLOY,0.04886685884238684,0.04886685884238684,0.037324677952523366,0.011542180889863474,0.011542180889863474
139,B1,B1,B1,DEPLOY,0.0,0.0,0.0,0.0,0.0
140,B1,HYBRID,HYBRID,DEPLOY,0.04446412352863838,0.0,0.0,0.04446412352863838,0.0
141,B1,B1,B1,DEPLOY,0.0,0.0,0.0,0.0,0.0
142,B1,B1,HYBRID,DEPLOY,0.03717196942196277,0.03717196942196277,0.0,0.03717196942196277,0.03717196942196277
143,B1,B1,LOCAL,DEPLOY,0.08912715969783125,0.08912715969783125,0.0,0.08912715969783125,0.08912715969783125
144,B1,B1,B1,DEPLOY,0.0,0.0,0.0,0.0,0.0
145,B1,B1,LOCAL,DEPLOY,0.07691148415691784,0.07691148415691784,0.04278689782224232,0.03412458633467552,0.03412458633467552
146,B1,GLOBAL,GLOBAL,DEPLOY,0.027144871076366206,0.0,0.0,0.027144871076366206,0.0
147,B1,B1,LOCAL,DEPLOY,0.059495992647966234,0.059495992647966234,0.0,0.059495992647966234,0.059495992647966234
148,B1,B1,HYBRID,DEPLOY,0.0596017821003022,0.0596017821003022,0.0,0.0596017821003022,0.0596017821003022
149,B1,B1,HYBRID,DEPLOY,0.13207676356503295,0.13207676356503295,0.0,0.13207676356503295,0.13207676356503295
150,B1,B1,GLOBAL,DEPLOY,0.08054265076633305,0.08054265076633305,0.067096465134308,0.013446185632025043,0.013446185632025043
151,B1,B1,LOCAL,LEARN_UCB,0.08454257097107931,0.08454257097107931,0.0,0.08454257097107931,0.08454257097107931
152,B1,HYBRID,HYBRID,DEPLOY,0.09859565133780224,0.0,0.0,0.09859565133780224,0.0
153,B1,B1,B1,DEPLOY,0.0,0.0,0.0,0.0,0.0
154,B1,B1,LOCAL,DEPLOY,0.09615894999051722,0.09615894999051722,0.08354603182916864,0.012612918161348574,0.012612918161348574
155,B1,GLOBAL,GLOBAL,DEPLOY,0.10173726228745061,0.0,0.0,0.10173726228745061,0.0
156,B1,B1,B1,DEPLOY,0.0,0.0,0.0,0.0,0.0
157,B1,B1,B1,DEPLOY,0.0,0.0,0.0,0.0,0.0
158,B1,GLOBAL,GLOBAL,DEPLOY,0.12467225962931738,0.0,0.0,0.12467225962931738,0.0
159,B1,GLOBAL,GLOBAL,DEPLOY,0.0,0.006819875732145375,0.006819875732145375,-0.006819875732145375,0.0
160,B1,B1,B1,DEPLOY,0.0,0.0,0.0,0.0,0.0
161,B1,HYBRID,HYBRID,DEPLOY,0.07187266106390677,0.0,0.0,0.07187266106390677,0.0
162,B1,B1,B1,LEARN_UCB,0.0,0.0,0.0,0.0,0.0
163,B1,GLOBAL,GLOBAL,DEPLOY,0.11887900450657318,0.0,0.0,0.11887900450657318,0.0
164,B1,B1,LOCAL,DEPLOY,0.0758888140620998,0.0758888140620998,0.0,0.0758888140620998,0.0758888140620998
165,B1,B1,B1,DEPLOY,0.0,0.0,0.0,0.0,0.0
166,B1,B1,LOCAL,DEPLOY,0.08087267134175458,0.08087267134175458,0.0,0.08087267134175458,0.08087267134175458
167,B1,B1,B1,DEPLOY,0.0,0.0,0.0,0.0,0.0
168,B1,B1,B1,DEPLOY,0.0,0.0,0.0,0.0,0.0
169,B1,B1,B1,DEPLOY,0.0,0.0,0.0,0.0,0.0
170,B1,B1,B1,DEPLOY,0.0,0.0,0.0,0.0,0.0
171,B1,B1,LOCAL,DEPLOY,0.019421678378591767,0.019421678378591767,0.0,0.019421678378591767,0.019421678378591767
172,B1,B1,LOCAL,DEPLOY,0.07911562349638712,0.07911562349638712,0.08734342570887776,-0.008227802212490642,-0.008227802212490642
173,B1,GLOBAL,GLOBAL,DEPLOY,0.042467128678130295,0.04152728370090575,0.04152728370090575,0.0009398449772245465,0.0
174,B1,HYBRID,HYBRID,DEPLOY,0.04394724141890338,0.0,0.0,0.04394724141890338,0.0
175,B1,B1,B1,DEPLOY,0.0,0.0,0.0,0.0,0.0
176,B1,B1,B1,DEPLOY,0.0,0.0,0.0,0.0,0.0
177,B1,B1,B1,DEPLOY,0.0,0.0,0.0,0.0,0.0
178,B1,B1,B1,DEPLOY,0.0,0.0,0.0,0.0,0.0
179,B1,B1,HYBRID,DEPLOY,0.08043080516462253,0.08043080516462253,0.0,0.08043080516462253,0.08043080516462253
180,B1,LOCAL,HYBRID,DEPLOY,0.007505436576228819,0.06594909915419167,0.0,0.007505436576228819,0.06594909915419167
181,B1,B1,HYBRID,DEPLOY,0.14572674136493813,0.14572674136493813,0.0,0.14572674136493813,0.14572674136493813
182,B1,B1,HYBRID,DEPLOY,0.1174129757706237,0.1174129757706237,0.0,0.1174129757706237,0.1174129757706237
183,B1,HYBRID,HYBRID,DEPLOY,0.06547367991969455,0.0,0.0,0.06547367991969455,0.0
184,B1,HYBRID,HYBRID,DEPLOY,0.061817904022470116,0.0,0.0,0.061817904022470116,0.0
185,B1,B1,B1,DEPLOY,0.0,0.0,0.0,0.0,0.0
186,B1,B1,HYBRID,DEPLOY,0.09312461132972327,0.09312461132972327,0.0,0.09312461132972327,0.09312461132972327
187,B1,B1,HYBRID,DEPLOY,0.02620547136191609,0.02620547136191609,0.0,0.02620547136191609,0.02620547136191609
188,B1,B1,B1,DEPLOY,0.0,0.0,0.0,0.0,0.0
189,B1,HYBRID,HYBRID,DEPLOY,0.011338320258424739,0.0,0.0,0.011338320258424739,0.0
190,B1,B1,LOCAL,DEPLOY,0.08220308952895217,0.08220308952895217,0.03050048386207571,0.051702605666876456,0.051702605666876456
191,B1,B1,B1,DEPLOY,0.0,0.0,0.0,0.0,0.0
192,B1,B1,HYBRID,DEPLOY,0.0787626388820033,0.0787626388820033,0.0,0.0787626388820033,0.0787626388820033
193,B1,LOCAL,HYBRID,DEPLOY,0.10802951411490358,0.12001706366021303,0.0,0.10802951411490358,0.12001706366021303
194,B1,GLOBAL,GLOBAL,DEPLOY,0.0,0.008283061758911803,0.008283061758911803,-0.008283061758911803,0.0
195,B1,B1,LOCAL,DEPLOY,0.06829679510763687,0.06829679510763687,0.0,0.06829679510763687,0.06829679510763687
196,B1,B1,GLOBAL,DEPLOY,0.07997160174127194,0.07997160174127194,0.008367578620213978,0.07160402312105796,0.07160402312105796
197,B1,B1,HYBRID,DEPLOY,0.13341995116361183,0.13341995116361183,0.0,0.13341995116361183,0.13341995116361183
198,B1,B1,HYBRID,DEPLOY,0.08156369433806221,0.08156369433806221,0.0,0.08156369433806221,0.08156369433806221
199,B1,HYBRID,HYBRID,DEPLOY,0.043768831509512274,0.0,0.0,0.043768831509512274,0.0
200,B1,B1,GLOBAL,DEPLOY,0.09511989969809931,0.09511989969809931,0.11819312029396278,-0.023073220595863475,-0.023073220595863475
201,B1,HYBRID,HYBRID,DEPLOY,0.06229390638873189,0.0,0.0,0.06229390638873189,0.0
202,B1,B1,LOCAL,DEPLOY,0.0,0.0,0.013091535338173865,-0.013091535338173865,-0.013091535338173865
203,B1,B1,LOCAL,DEPLOY,0.014937329048219983,0.014937329048219983,0.09780852202087997,-0.08287119297265999,-0.08287119297265999
204,B1,B1,B1,DEPLOY,0.0,0.0,0.0,0.0,0.0
205,B1,B1,B1,DEPLOY,0.0,0.0,0.0,0.0,0.0
206,B1,B1,B1,DEPLOY,0.00515693610124468,0.00515693610124468,0.00515693610124468,0.0,0.0
207,B1,GLOBAL,GLOBAL,DEPLOY,0.03717582994788715,0.08092043352705225,0.08092043352705225,-0.0437446035791651,0.0
208,B1,B1,HYBRID,DEPLOY,0.100196914611826,0.100196914611826,0.0,0.100196914611826,0.100196914611826
209,B1,HYBRID,HYBRID,DEPLOY,0.14378326930982488,0.0,0.0,0.14378326930982488,0.0
210,B1,B1,LOCAL,DEPLOY,0.019255371021878465,0.019255371021878465,0.0823166563703317,-0.06306128534845323,-0.06306128534845323
211,B1,B1,GLOBAL,DEPLOY,0.057139142070746884,0.057139142070746884,0.030644120734450664,0.02649502133629622,0.02649502133629622
212,B1,B1,GLOBAL,DEPLOY,0.0056550767260946655,0.0056550767260946655,0.040325550879640404,-0.03467047415354574,-0.03467047415354574
213,B1,B1,HYBRID,DEPLOY,0.1407793925596682,0.1407793925596682,0.0,0.1407793925596682,0.1407793925596682
214,B1,B1,HYBRID,DEPLOY,0.05283762341214848,0.05283762341214848,0.0,0.05283762341214848,0.05283762341214848
215,B1,LOCAL,HYBRID,DEPLOY,0.09008339762876516,0.07762555741935684,0.0,0.09008339762876516,0.07762555741935684
216,B1,B1,HYBRID,DEPLOY,0.06433663796982148,0.06433663796982148,0.0,0.06433663796982148,0.06433663796982148
217,B1,B1,B1,DEPLOY,0.0,0.0,0.0,0.0,0.0
218,B1,B1,HYBRID,DEPLOY,0.1368541486528848,0.1368541486528848,0.0,0.1368541486528848,0.1368541486528848
219,B1,GLOBAL,GLOBAL,DEPLOY,0.043911175802215596,0.0,0.0,0.043911175802215596,0.0
220,B1,B1,HYBRID,DEPLOY,0.09404706192045365,0.09404706192045365,0.0,0.09404706192045365,0.09404706192045365
221,B1,B1,HYBRID,DEPLOY,0.11393523637407788,0.11393523637407788,0.0,0.11393523637407788,0.11393523637407788
222,B1,B1,HYBRID,DEPLOY,0.13886538368991985,0.13886538368991985,0.0,0.13886538368991985,0.13886538368991985
223,B1,B1,HYBRID,DEPLOY,0.08797209759971647,0.08797209759971647,0.0,0.08797209759971647,0.08797209759971647
224,B1,B1,HYBRID,DEPLOY,0.13841375210595352,0.13841375210595352,0.0,0.13841375210595352,0.13841375210595352
225,B1,B1,HYBRID,DEPLOY,0.06284064321878058,0.06284064321878058,0.0,0.06284064321878058,0.06284064321878058
226,B1,B1,B1,DEPLOY,0.0,0.0,0.0,0.0,0.0
227,B1,GLOBAL,GLOBAL,DEPLOY,0.009941740746439276,0.051701591363518595,0.051701591363518595,-0.04175985061707932,0.0
228,B1,GLOBAL,GLOBAL,DEPLOY,0.05411364847205258,0.0,0.0,0.05411364847205258,0.0
229,B1,B1,HYBRID,DEPLOY,0.13363515172497742,0.13363515172497742,0.0,0.13363515172497742,0.13363515172497742
230,B1,B1,B1,LEARN_UCB,0.0,0.0,0.0,0.0,0.0
231,B1,B1,B1,DEPLOY,0.01776178049880839,0.01776178049880839,0.01776178049880839,0.0,0.0
232,B1,LOCAL,HYBRID,DEPLOY,0.005867064889135465,0.023833520458689805,0.0,0.005867064889135465,0.023833520458689805
233,B1,HYBRID,HYBRID,DEPLOY,0.014860128424554309,0.0,0.0,0.014860128424554309,0.0
234,B1,GLOBAL,GLOBAL,DEPLOY,0.11578110961591503,0.0,0.0,0.11578110961591503,0.0
235,B1,B1,B1,DEPLOY,0.0028347327115428866,0.0028347327115428866,0.0028347327115428866,0.0,0.0
236,B1,B1,LOCAL,DEPLOY,0.05347389805463898,0.05347389805463898,0.0,0.05347389805463898,0.05347389805463898
237,B1,B1,B1,DEPLOY,0.0,0.0,0.0,0.0,0.0
238,B1,GLOBAL,GLOBAL,DEPLOY,0.0811405146772709,0.0,0.0,0.0811405146772709,0.0
239,B1,B1,B1,DEPLOY,0.0,0.0,0.0,0.0,0.0
240,B1,B1,HYBRID,DEPLOY,0.02689491674358835,0.02689491674358835,0.0,0.02689491674358835,0.02689491674358835
241,B1,B1,HYBRID,DEPLOY,0.13284887747754381,0.13284887747754381,0.0,0.13284887747754381,0.13284887747754381
242,B1,B1,B1,DEPLOY,0.0,0.0,0.0,0.0,0.0
243,B1,HYBRID,HYBRID,DEPLOY,0.051824440090645796,0.0,0.0,0.051824440090645796,0.0
244,B1,B1,B1,DEPLOY,0.0,0.0,0.0,0.0,0.0
245,B1,B1,LOCAL,DEPLOY,0.059073058719583904,0.059073058719583904,0.0,0.059073058719583904,0.059073058719583904
246,B1,B1,LOCAL,DEPLOY,0.0030294938311369313,0.0030294938311369313,0.03495978709570957,-0.03193029326457264,-0.03193029326457264
247,B1,B1,GLOBAL,LEARN_UCB,0.004344684273551391,0.004344684273551391,0.005015452653082231,-0.0006707683795308395,-0.0006707683795308395
248,B1,B1,GLOBAL,DEPLOY,0.028728813693018163,0.028728813693018163,0.04858900071173744,-0.019860187018719277,-0.019860187018719277
249,B1,GLOBAL,GLOBAL,DEPLOY,0.03509612642853621,0.036447257933311605,0.036447257933311605,-0.0013511315047753936,0.0
250,B1,HYBRID,HYBRID,DEPLOY,0.09169563959862315,0.0,0.0,0.09169563959862315,0.0
251,B1,B1,LOCAL,DEPLOY,0.014895200737090719,0.014895200737090719,0.05717971567890834,-0.04228451494181762,-0.04228451494181762
252,B1,B1,LOCAL,DEPLOY,0.02173277862031664,0.02173277862031664,0.0,0.02173277862031664,0.02173277862031664
253,B1,B1,HYBRID,DEPLOY,0.0365697667207745,0.0365697667207745,0.0,0.0365697667207745,0.0365697667207745
254,B1,HYBRID,HYBRID,DEPLOY,0.11896623823121388,0.0,0.0,0.11896623823121388,0.0
255,B1,B1,HYBRID,DEPLOY,0.09750463576300528,0.09750463576300528,0.0,0.09750463576300528,0.09750463576300528
256,B1,B1,HYBRID,DEPLOY,0.05416738028454415,0.05416738028454415,0.0,0.05416738028454415,0.05416738028454415
257,B1,HYBRID,HYBRID,LEARN_UCB,0.10097728799661165,0.0,0.0,0.10097728799661165,0.0
258,B1,B1,LOCAL,DEPLOY,0.017539214767490763,0.017539214767490763,0.0,0.017539214767490763,0.017539214767490763
259,B1,B1,LOCAL,DEPLOY,0.0975022629808383,0.0975022629808383,0.0,0.0975022629808383,0.0975022629808383
260,B1,HYBRID,HYBRID,DEPLOY,0.04980281838856937,0.0,0.0,0.04980281838856937,0.0
261,B1,LOCAL,HYBRID,DEPLOY,0.06707157018716858,0.030423263222739694,0.0,0.06707157018716858,0.030423263222739694
262,B1,B1,HYBRID,DEPLOY,0.13022410565408993,0.13022410565408993,0.0,0.13022410565408993,0.13022410565408993
263,B1,B1,B1,DEPLOY,0.0,0.0,0.0,0.0,0.0
264,B1,B1,B1,DEPLOY,0.0,0.0,0.0,0.0,0.0
265,B1,B1,HYBRID,DEPLOY,0.03388510938311062,0.03388510938311062,0.0,0.03388510938311062,0.03388510938311062
266,B1,B1,B1,DEPLOY,0.019957559693669524,0.019957559693669524,0.019957559693669524,0.0,0.0
267,B1,HYBRID,HYBRID,DEPLOY,0.08003771847534302,0.0,0.0,0.08003771847534302,0.0
268,B1,B1,B1,LEARN_UCB,0.0,0.0,0.0,0.0,0.0
269,B1,HYBRID,HYBRID,DEPLOY,0.0604624117522351,0.0,0.0,0.0604624117522351,0.0
270,B1,B1,B1,DEPLOY,0.008953623544444178,0.008953623544444178,0.008953623544444178,0.0,0.0
271,B1,GLOBAL,GLOBAL,LEARN_UCB,0.07276966762224657,0.0,0.0,0.07276966762224657,0.0
272,B1,B1,HYBRID,DEPLOY,0.11131962419963881,0.11131962419963881,0.0,0.11131962419963881,0.11131962419963881
273,B1,LOCAL,HYBRID,DEPLOY,0.07677012015423623,0.0,0.028857522596276053,0.04791259755796018,-0.028857522596276053
274,B1,B1,B1,DEPLOY,0.0,0.0,0.0,0.0,0.0
275,B1,GLOBAL,GLOBAL,DEPLOY,0.005246567336472885,0.0,0.0,0.005246567336472885,0.0
276,B1,LOCAL,HYBRID,DEPLOY,0.014823263115880114,0.05925016816647666,0.0,0.014823263115880114,0.05925016816647666
277,B1,B1,B1,DEPLOY,0.0,0.0,0.0,0.0,0.0
278,B1,B1,HYBRID,DEPLOY,0.060681327411515995,0.060681327411515995,0.0,0.060681327411515995,0.060681327411515995
279,B1,B1,LOCAL,DEPLOY,0.0,0.0,0.032341806703211295,-0.032341806703211295,-0.032341806703211295
280,B1,GLOBAL,GLOBAL,DEPLOY,0.03880105331244732,0.030837673988027725,0.030837673988027725,0.007963379324419595,0.0
281,B1,B1,B1,DEPLOY,0.0,0.0,0.0,0.0,0.0
282,B1,B1,HYBRID,DEPLOY,0.047117281825361124,0.047117281825361124,0.0,0.047117281825361124,0.047117281825361124
283,B1,B1,LOCAL,DEPLOY,0.049270613995107904,0.049270613995107904,0.05602808342698051,-0.006757469431872609,-0.006757469431872609
284,B1,LOCAL,HYBRID,DEPLOY,0.047814355313940515,0.038789256101812386,0.0,0.047814355313940515,0.038789256101812386
285,B1,B1,B1,DEPLOY,0.0,0.0,0.0,0.0,0.0
286,B1,LOCAL,HYBRID,DEPLOY,0.04620898389218753,0.07380425150911896,0.0,0.04620898389218753,0.07380425150911896
287,B1,B1,GLOBAL,DEPLOY,0.05298506303031292,0.05298506303031292,0.04897856664786515,0.004006496382447766,0.004006496382447766
288,B1,GLOBAL,GLOBAL,DEPLOY,0.03275074492476737,0.0044263294363010575,0.0044263294363010575,0.028324415488466315,0.0
289,B1,B1,B1,DEPLOY,0.0,0.0,0.0,0.0,0.0
290,B1,B1,B1,DEPLOY,0.0,0.0,0.0,0.0,0.0
291,B1,B1,B1,DEPLOY,0.0,0.0,0.0,0.0,0.0
292,B1,GLOBAL,GLOBAL,DEPLOY,0.07470753519976658,0.0,0.0,0.07470753519976658,0.0
293,B1,B1,LOCAL,DEPLOY,0.04780869532808596,0.04780869532808596,0.0007562801530907048,0.047052415174995255,0.047052415174995255
294,B1,B1,B1,DEPLOY,0.0,0.0,0.0,0.0,0.0
295,B1,B1,B1,LEARN_UCB,0.0,0.0,0.0,0.0,0.0
296,B1,B1,HYBRID,DEPLOY,0.04588407189798993,0.04588407189798993,0.0,0.04588407189798993,0.04588407189798993
297,B1,B1,B1,DEPLOY,0.0,0.0,0.0,0.0,0.0
298,B1,B1,HYBRID,DEPLOY,0.12489926683503005,0.12489926683503005,0.0,0.12489926683503005,0.12489926683503005
299,B1,B1,LOCAL,DEPLOY,0.053272182669803825,0.053272182669803825,0.0,0.053272182669803825,0.053272182669803825
300,B1,B1,GLOBAL,DEPLOY,0.04628060531061051,0.04628060531061051,0.0,0.04628060531061051,0.04628060531061051
301,B1,LOCAL,HYBRID,DEPLOY,0.07842141358782373,0.0,0.0042855431838101365,0.07413587040401359,-0.0042855431838101365
302,B1,GLOBAL,GLOBAL,DEPLOY,0.07095366786177171,0.0,0.0,0.07095366786177171,0.0
303,B1,B1,GLOBAL,DEPLOY,0.021850585499787356,0.021850585499787356,0.03185125365721175,-0.010000668157424397,-0.010000668157424397
304,B1,B1,HYBRID,DEPLOY,0.09741487104007496,0.09741487104007496,0.0,0.09741487104007496,0.09741487104007496
305,B1,B1,B1,DEPLOY,0.0,0.0,0.0,0.0,0.0
306,B1,B1,HYBRID,LEARN_UCB,0.07838868233196217,0.07838868233196217,0.0,0.07838868233196217,0.07838868233196217
307,B1,GLOBAL,GLOBAL,DEPLOY,0.08517412960967075,0.0,0.0,0.08517412960967075,0.0
308,B1,B1,B1,DEPLOY,0.0,0.0,0.0,0.0,0.0
309,B1,HYBRID,HYBRID,DEPLOY,0.07196993127441942,0.0,0.0,0.07196993127441942,0.0
310,B1,B1,B1,DEPLOY,0.03259456961004448,0.03259456961004448,0.03259456961004448,0.0,0.0
311,B1,LOCAL,HYBRID,DEPLOY,0.07484753952186851,0.0,0.02654439272949194,0.04830314679237657,-0.02654439272949194
312,B1,B1,HYBRID,DEPLOY,0.14628949760199172,0.14628949760199172,0.0,0.14628949760199172,0.14628949760199172
313,B1,B1,HYBRID,DEPLOY,0.04961908248375457,0.04961908248375457,0.0,0.04961908248375457,0.04961908248375457
314,B1,B1,HYBRID,DEPLOY,0.028867303591334714,0.028867303591334714,0.0,0.028867303591334714,0.028867303591334714
315,B1,B1,LOCAL,DEPLOY,0.08033596138909138,0.08033596138909138,0.0,0.08033596138909138,0.08033596138909138
316,B1,B1,B1,DEPLOY,0.0,0.0,0.0,0.0,0.0
317,B1,B1,LOCAL,DEPLOY,0.0,0.0,0.005936855371132754,-0.005936855371132754,-0.005936855371132754
318,B1,B1,HYBRID,DEPLOY,0.12985101972575097,0.12985101972575097,0.0,0.12985101972575097,0.12985101972575097
319,B1,B1,GLOBAL,DEPLOY,0.030725323805907534,0.030725323805907534,0.0018123211707450348,0.0289130026351625,0.0289130026351625
320,B1,GLOBAL,GLOBAL,DEPLOY,0.07541152093911285,0.0,0.0,0.07541152093911285,0.0
321,B1,B1,HYBRID,DEPLOY,0.07862591725987411,0.07862591725987411,0.0,0.07862591725987411,0.07862591725987411
322,B1,B1,HYBRID,DEPLOY,0.11684291726946461,0.11684291726946461,0.0,0.11684291726946461,0.11684291726946461
323,B1,GLOBAL,GLOBAL,DEPLOY,0.044603906515167546,0.044788261326635936,0.044788261326635936,-0.00018435481146839017,0.0
324,B1,B1,LOCAL,DEPLOY,0.02867253062579911,0.02867253062579911,0.012363710240878456,0.016308820384920653,0.016308820384920653
325,B1,B1,B1,DEPLOY,0.0,0.0,0.0,0.0,0.0
326,B1,B1,HYBRID,DEPLOY,0.04887218488709799,0.04887218488709799,0.0,0.04887218488709799,0.04887218488709799
327,B1,B1,LOCAL,DEPLOY,0.10285594464016157,0.10285594464016157,0.0,0.10285594464016157,0.10285594464016157
328,B1,B1,HYBRID,DEPLOY,0.029239042882143962,0.029239042882143962,0.0,0.029239042882143962,0.029239042882143962
329,B1,B1,HYBRID,DEPLOY,0.023775194033083702,0.023775194033083702,0.0,0.023775194033083702,0.023775194033083702
330,B1,B1,B1,DEPLOY,0.01578400525770307,0.01578400525770307,0.01578400525770307,0.0,0.0
331,B1,LOCAL,HYBRID,DEPLOY,0.05849349892265576,0.07662433860079132,0.0,0.05849349892265576,0.07662433860079132
332,B1,B1,HYBRID,DEPLOY,0.06655444363051743,0.06655444363051743,0.0,0.06655444363051743,0.06655444363051743
333,B1,B1,HYBRID,DEPLOY,0.1231444680063275,0.1231444680063275,0.0,0.1231444680063275,0.1231444680063275
334,B1,B1,HYBRID,LEARN_UCB,0.14096720027299015,0.14096720027299015,0.0,0.14096720027299015,0.14096720027299015
335,B1,B1,B1,DEPLOY,0.01815248823879001,0.01815248823879001,0.01815248823879001,0.0,0.0
336,B1,LOCAL,HYBRID,DEPLOY,0.014773291747377848,0.04809834122095069,0.0,0.014773291747377848,0.04809834122095069
337,B1,B1,LOCAL,DEPLOY,0.0,0.0,0.05655889256693414,-0.05655889256693414,-0.05655889256693414
338,B1,LOCAL,HYBRID,DEPLOY,0.0700271798704516,0.01810493364029453,0.0,0.0700271798704516,0.01810493364029453
339,B1,B1,HYBRID,DEPLOY,0.14684366702440133,0.14684366702440133,0.0,0.14684366702440133,0.14684366702440133
340,B1,B1,B1,DEPLOY,0.024523681415741017,0.024523681415741017,0.024523681415741017,0.0,0.0
341,B1,HYBRID,HYBRID,DEPLOY,0.06754799200007211,0.0,0.0,0.06754799200007211,0.0
342,B1,HYBRID,HYBRID,DEPLOY,0.036369836286250234,0.0,0.0,0.036369836286250234,0.0
343,B1,B1,B1,DEPLOY,0.0,0.0,0.0,0.0,0.0
344,B1,B1,B1,DEPLOY,0.0,0.0,0.0,0.0,0.0
345,B1,B1,HYBRID,DEPLOY,0.022618593186351954,0.022618593186351954,0.0,0.022618593186351954,0.022618593186351954
346,B1,B1,B1,DEPLOY,0.0,0.0,0.0,0.0,0.0
347,B1,B1,LOCAL,DEPLOY,0.026810121614521898,0.026810121614521898,0.0,0.026810121614521898,0.026810121614521898
348,B1,HYBRID,HYBRID,DEPLOY,0.048998539724322776,0.0,0.0,0.048998539724322776,0.0
349,B1,B1,HYBRID,DEPLOY,0.11560348207743121,0.11560348207743121,0.0,0.11560348207743121,0.11560348207743121
350,B1,LOCAL,HYBRID,DEPLOY,0.018886133386179504,0.036319031880780006,0.0,0.018886133386179504,0.036319031880780006
351,B1,B1,B1,DEPLOY,0.0,0.0,0.0,0.0,0.0
352,B1,LOCAL,HYBRID,DEPLOY,0.10143107293067577,0.07669416169955046,0.0,0.10143107293067577,0.07669416169955046
353,B1,B1,B1,DEPLOY,0.0,0.0,0.0,0.0,0.0
354,B1,LOCAL,HYBRID,DEPLOY,0.03833065783169687,0.08306470220217177,0.0,0.03833065783169687,0.08306470220217177
355,B1,LOCAL,HYBRID,DEPLOY,0.09865013705767345,0.0743167677756279,0.0,0.09865013705767345,0.0743167677756279
356,B1,B1,LOCAL,DEPLOY,0.0,0.0,0.048221271883889694,-0.048221271883889694,-0.048221271883889694
357,B1,B1,GLOBAL,DEPLOY,0.006321045427816752,0.006321045427816752,0.04518582181337605,-0.038864776385559296,-0.038864776385559296
358,B1,B1,LOCAL,DEPLOY,0.0,0.0,0.007260096017199569,-0.007260096017199569,-0.007260096017199569
359,B1,B1,B1,LEARN_UCB,0.0,0.0,0.0,0.0,0.0
360,B1,B1,B1,DEPLOY,0.01911000915295602,0.01911000915295602,0.01911000915295602,0.0,0.0
361,B1,B1,B1,DEPLOY,0.0,0.0,0.0,0.0,0.0
362,B1,GLOBAL,GLOBAL,DEPLOY,0.0934614798925234,0.0,0.0,0.0934614798925234,0.0
363,B1,B1,HYBRID,DEPLOY,0.09629095469766158,0.09629095469766158,0.0,0.09629095469766158,0.09629095469766158
364,B1,B1,HYBRID,LEARN_UCB,0.09719057719519952,0.09719057719519952,0.0,0.09719057719519952,0.09719057719519952
365,B1,GLOBAL,GLOBAL,DEPLOY,0.0,0.01832300702099321,0.01832300702099321,-0.01832300702099321,0.0
366,B1,B1,LOCAL,DEPLOY,0.06605292523984763,0.06605292523984763,0.022323239185467303,0.04372968605438032,0.04372968605438032
367,B1,B1,B1,DEPLOY,0.0,0.0,0.0,0.0,0.0
368,B1,B1,HYBRID,DEPLOY,0.11328481265084811,0.11328481265084811,0.0,0.11328481265084811,0.11328481265084811
369,B1,B1,HYBRID,DEPLOY,0.11443778091206269,0.11443778091206269,0.0,0.11443778091206269,0.11443778091206269
370,B1,B1,HYBRID,DEPLOY,0.0935270231510219,0.0935270231510219,0.0,0.0935270231510219,0.0935270231510219
371,B1,B1,GLOBAL,DEPLOY,0.05558072412677828,0.05558072412677828,0.0,0.05558072412677828,0.05558072412677828
372,B1,B1,GLOBAL,DEPLOY,0.011053323153445205,0.011053323153445205,0.018551027534370768,-0.007497704380925563,-0.007497704380925563
373,B1,B1,GLOBAL,DEPLOY,0.08424259134357703,0.08424259134357703,0.06823128336526862,0.01601130797830841,0.01601130797830841
374,B1,B1,B1,DEPLOY,0.0,0.0,0.0,0.0,0.0
375,B1,B1,GLOBAL,DEPLOY,0.02796536111296677,0.02796536111296677,0.030661694531543104,-0.0026963334185763355,-0.0026963334185763355
376,B1,B1,HYBRID,DEPLOY,0.07170189070195743,0.07170189070195743,0.0,0.07170189070195743,0.07170189070195743
377,B1,B1,HYBRID,DEPLOY,0.044668813446238076,0.044668813446238076,0.0,0.044668813446238076,0.044668813446238076
378,B1,B1,B1,DEPLOY,0.0,0.0,0.0,0.0,0.0
379,B1,B1,B1,DEPLOY,0.0,0.0,0.0,0.0,0.0
380,B1,B1,B1,DEPLOY,0.0,0.0,0.0,0.0,0.0
381,B1,B1,LOCAL,DEPLOY,0.05006826497802386,0.05006826497802386,0.06418388686077192,-0.014115621882748064,-0.014115621882748064
382,B1,GLOBAL,GLOBAL,DEPLOY,0.06537202044586232,0.0,0.0,0.06537202044586232,0.0
383,B1,B1,B1,DEPLOY,0.0,0.0,0.0,0.0,0.0
384,B1,B1,B1,DEPLOY,0.0,0.0,0.0,0.0,0.0
385,B1,B1,GLOBAL,DEPLOY,0.039279915792722275,0.039279915792722275,0.0,0.039279915792722275,0.039279915792722275
386,B1,B1,LOCAL,DEPLOY,0.0,0.0,0.00921229516327271,-0.00921229516327271,-0.00921229516327271
387,B1,GLOBAL,GLOBAL,DEPLOY,0.011276203581821131,0.05476982511490491,0.05476982511490491,-0.04349362153308378,0.0
388,B1,B1,B1,DEPLOY,0.0,0.0,0.0,0.0,0.0
389,B1,B1,B1,DEPLOY,0.0,0.0,0.0,0.0,0.0
390,B1,GLOBAL,GLOBAL,DEPLOY,0.05430382161064573,0.0,0.0,0.05430382161064573,0.0
391,B1,LOCAL,HYBRID,DEPLOY,0.05492055571629684,0.015924020795832772,0.0,0.05492055571629684,0.015924020795832772
392,B1,HYBRID,HYBRID,LEARN_UCB,0.09727372771002718,0.0,0.0,0.09727372771002718,0.0
393,B1,B1,LOCAL,DEPLOY,0.08663912889152159,0.08663912889152159,0.06407175355044314,0.022567375341078444,0.022567375341078444
394,B1,HYBRID,HYBRID,DEPLOY,0.11478176704678411,0.0,0.0,0.11478176704678411,0.0
395,B1,B1,GLOBAL,LEARN_UCB,0.040050636368438086,0.040050636368438086,0.0513307328296273,-0.011280096461189215,-0.011280096461189215
396,B1,LOCAL,HYBRID,DEPLOY,0.07497844262791908,0.0,0.0384366551778037,0.03654178745011538,-0.0384366551778037
397,B1,B1,B1,DEPLOY,0.0,0.0,0.0,0.0,0.0
398,B1,B1,B1,DEPLOY,0.0,0.0,0.0,0.0,0.0
399,B1,B1,HYBRID,DEPLOY,0.087638180421859,0.087638180421859,0.0,0.087638180421859,0.087638180421859
400,B1,B1,GLOBAL,DEPLOY,0.07997551375479428,0.07997551375479428,0.0009588200628936061,0.07901669369190067,0.07901669369190067
401,B1,B1,B1,DEPLOY,0.0,0.0,0.0,0.0,0.0
402,B1,HYBRID,HYBRID,DEPLOY,0.08864556541486313,0.0,0.0,0.08864556541486313,0.0
403,B1,B1,B1,DEPLOY,0.0,0.0,0.0,0.0,0.0
404,B1,B1,B1,DEPLOY,0.0,0.0,0.0,0.0,0.0
405,B1,B1,LOCAL,DEPLOY,0.07432764348178578,0.07432764348178578,0.0,0.07432764348178578,0.07432764348178578
406,B1,HYBRID,HYBRID,DEPLOY,0.07160853850197435,0.0,0.0,0.07160853850197435,0.0
407,B1,B1,HYBRID,DEPLOY,0.13634521197210792,0.13634521197210792,0.0,0.13634521197210792,0.13634521197210792
408,B1,B1,B1,DEPLOY,0.0,0.0,0.0,0.0,0.0
409,B1,LOCAL,HYBRID,DEPLOY,0.06751993220106967,0.0,0.01956311004137179,0.047956822159697876,-0.01956311004137179
410,B1,B1,LOCAL,DEPLOY,0.0,0.0,0.005808450094015982,-0.005808450094015982,-0.005808450094015982
411,B1,GLOBAL,GLOBAL,DEPLOY,0.07759930653563507,0.0,0.0,0.07759930653563507,0.0
412,B1,B1,GLOBAL,DEPLOY,0.09155848909424613,0.09155848909424613,0.07332521365380862,0.018233275440437513,0.018233275440437513
413,B1,GLOBAL,GLOBAL,DEPLOY,0.10293206538203525,0.0,0.0,0.10293206538203525,0.0
414,B1,B1,HYBRID,DEPLOY,0.13019882386811954,0.13019882386811954,0.0,0.13019882386811954,0.13019882386811954
415,B1,B1,HYBRID,DEPLOY,0.1419340921887572,0.1419340921887572,0.0,0.1419340921887572,0.1419340921887572
416,B1,B1,B1,DEPLOY,0.0,0.0,0.0,0.0,0.0
417,B1,B1,B1,DEPLOY,0.0,0.0,0.0,0.0,0.0
418,B1,B1,HYBRID,DEPLOY,0.018691774308003284,0.018691774308003284,0.0,0.018691774308003284,0.018691774308003284
419,B1,B1,HYBRID,DEPLOY,0.11978964160812544,0.11978964160812544,0.0,0.11978964160812544,0.11978964160812544
420,B1,B1,LOCAL,DEPLOY,0.0,0.0,0.03362426081100878,-0.03362426081100878,-0.03362426081100878
421,B1,HYBRID,HYBRID,DEPLOY,0.10274718962985452,0.0,0.0,0.10274718962985452,0.0
422,B1,LOCAL,HYBRID,DEPLOY,0.07240972384773903,0.0,0.014915860546269366,0.05749386330146966,-0.014915860546269366
423,B1,B1,B1,DEPLOY,0.0,0.0,0.0,0.0,0.0
424,B1,B1,B1,DEPLOY,0.0,0.0,0.0,0.0,0.0
425,B1,B1,B1,DEPLOY,0.0,0.0,0.0,0.0,0.0
426,B1,B1,HYBRID,DEPLOY,0.05638020896487439,0.05638020896487439,0.0,0.05638020896487439,0.05638020896487439
427,B1,B1,B1,DEPLOY,0.0,0.0,0.0,0.0,0.0
428,B1,B1,HYBRID,DEPLOY,0.03785333090008125,0.03785333090008125,0.0,0.03785333090008125,0.03785333090008125
429,B1,B1,HYBRID,DEPLOY,0.0730749085235789,0.0730749085235789,0.0,0.0730749085235789,0.0730749085235789
430,B1,B1,B1,DEPLOY,0.004352296898680885,0.004352296898680885,0.004352296898680885,0.0,0.0
431,B1,B1,HYBRID,DEPLOY,0.12442164996111305,0.12442164996111305,0.0,0.12442164996111305,0.12442164996111305
432,B1,B1,GLOBAL,DEPLOY,0.12432436409087355,0.12432436409087355,0.0,0.12432436409087355,0.12432436409087355
433,B1,B1,B1,DEPLOY,0.0,0.0,0.0,0.0,0.0
434,B1,LOCAL,HYBRID,DEPLOY,0.09407538263752635,0.0,0.04289002403980213,0.05118535859772422,-0.04289002403980213
435,B1,B1,B1,DEPLOY,0.0,0.0,0.0,0.0,0.0
436,B1,B1,LOCAL,DEPLOY,0.004530648914166324,0.004530648914166324,0.0,0.004530648914166324,0.004530648914166324
437,B1,LOCAL,HYBRID,DEPLOY,0.021571757349374,0.0,0.018853342051892596,0.0027184152974814024,-0.018853342051892596
438,B1,B1,B1,DEPLOY,0.0,0.0,0.0,0.0,0.0
439,B1,B1,B1,DEPLOY,0.014589377440346385,0.014589377440346385,0.014589377440346385,0.0,0.0
440,B1,GLOBAL,GLOBAL,DEPLOY,0.08289582383035854,0.0,0.0,0.08289582383035854,0.0
441,B1,B1,B1,DEPLOY,0.0,0.0,0.0,0.0,0.0
442,B1,B1,HYBRID,DEPLOY,0.11887989473637317,0.11887989473637317,0.0,0.11887989473637317,0.11887989473637317
443,B1,B1,HYBRID,DEPLOY,0.10407035643128182,0.10407035643128182,0.0,0.10407035643128182,0.10407035643128182
444,B1,B1,HYBRID,LEARN_UCB,0.06024124390780572,0.06024124390780572,0.0,0.06024124390780572,0.06024124390780572
445,B1,B1,B1,DEPLOY,0.0,0.0,0.0,0.0,0.0
446,B1,B1,HYBRID,DEPLOY,0.015920654170711535,0.015920654170711535,0.0,0.015920654170711535,0.015920654170711535
447,B1,GLOBAL,GLOBAL,DEPLOY,0.11570048620170792,0.0,0.0,0.11570048620170792,0.0
448,B1,B1,B1,DEPLOY,0.0,0.0,0.0,0.0,0.0
449,B1,B1,LOCAL,DEPLOY,0.028913738580759074,0.028913738580759074,0.09727912878031475,-0.06836539019955568,-0.06836539019955568
450,B1,LOCAL,HYBRID,DEPLOY,0.09174109244134565,0.014013267198631829,0.0,0.09174109244134565,0.014013267198631829
451,B1,HYBRID,HYBRID,DEPLOY,0.10201078928307072,0.0,0.0,0.10201078928307072,0.0
452,B1,GLOBAL,GLOBAL,DEPLOY,0.0,0.038117333848899815,0.038117333848899815,-0.038117333848899815,0.0
453,B1,B1,B1,DEPLOY,0.0,0.0,0.0,0.0,0.0
454,B1,B1,HYBRID,DEPLOY,0.13185047675306782,0.13185047675306782,0.0,0.13185047675306782,0.13185047675306782
455,B1,B1,B1,DEPLOY,0.0,0.0,0.0,0.0,0.0
456,B1,B1,B1,LEARN_UCB,0.0,0.0,0.0,0.0,0.0
457,B1,B1,B1,DEPLOY,0.0,0.0,0.0,0.0,0.0
458,B1,LOCAL,HYBRID,DEPLOY,0.12179952673514294,0.0,0.06098808248477683,0.06081144425036611,-0.06098808248477683
459,B1,B1,B1,DEPLOY,0.0,0.0,0.0,0.0,0.0
460,B1,B1,B1,DEPLOY,0.0,0.0,0.0,0.0,0.0
461,B1,B1,HYBRID,DEPLOY,0.01273649090899831,0.01273649090899831,0.0,0.01273649090899831,0.01273649090899831
462,B1,B1,HYBRID,DEPLOY,0.11440215275967192,0.11440215275967192,0.0,0.11440215275967192,0.11440215275967192
463,B1,B1,B1,DEPLOY,0.03704094733516716,0.03704094733516716,0.03704094733516716,0.0,0.0
464,B1,B1,B1,DEPLOY,0.0,0.0,0.0,0.0,0.0
465,B1,B1,B1,DEPLOY,0.004711853692171308,0.004711853692171308,0.004711853692171308,0.0,0.0
466,B1,B1,GLOBAL,DEPLOY,0.02891911468725583,0.02891911468725583,0.07757074725478197,-0.04865163256752614,-0.04865163256752614
467,B1,HYBRID,HYBRID,DEPLOY,0.06615183087368559,0.0,0.0,0.06615183087368559,0.0
468,B1,B1,HYBRID,DEPLOY,0.09459413837269515,0.09459413837269515,0.0,0.09459413837269515,0.09459413837269515
469,B1,B1,LOCAL,DEPLOY,0.10604218873766391,0.10604218873766391,0.0,0.10604218873766391,0.10604218873766391
470,B1,GLOBAL,GLOBAL,DEPLOY,0.06639004423916639,0.0,0.0,0.06639004423916639,0.0
471,B1,B1,B1,DEPLOY,0.0,0.0,0.0,0.0,0.0
472,B1,LOCAL,HYBRID,DEPLOY,0.11797273956667209,0.09756172134077368,0.0,0.11797273956667209,0.09756172134077368
473,B1,HYBRID,HYBRID,DEPLOY,0.06779406588535175,0.0,0.0,0.06779406588535175,0.0
474,B1,B1,LOCAL,DEPLOY,0.03472226595261518,0.03472226595261518,0.10695114158576291,-0.07222887563314773,-0.07222887563314773
475,B1,B1,LOCAL,DEPLOY,0.09235592074128351,0.09235592074128351,0.04860047825982439,0.04375544248145913,0.04375544248145913
476,B1,B1,HYBRID,DEPLOY,0.11259597578828029,0.11259597578828029,0.0,0.11259597578828029,0.11259597578828029
477,B1,B1,GLOBAL,DEPLOY,0.07576596808054004,0.07576596808054004,0.0,0.07576596808054004,0.07576596808054004
478,B1,B1,GLOBAL,DEPLOY,0.06818080038757424,0.06818080038757424,0.040109222719194815,0.02807157766837942,0.02807157766837942
479,B1,LOCAL,HYBRID,DEPLOY,0.07295449415347766,0.10989230477822487,0.0,0.07295449415347766,0.10989230477822487
480,B1,B1,B1,DEPLOY,0.0,0.0,0.0,0.0,0.0
481,B1,HYBRID,HYBRID,DEPLOY,0.020987130249823238,0.0,0.0,0.020987130249823238,0.0
482,B1,B1,B1,DEPLOY,0.0019118002652253052,0.0019118002652253052,0.0019118002652253052,0.0,0.0
483,B1,B1,HYBRID,DEPLOY,0.1354112125690632,0.1354112125690632,0.0,0.1354112125690632,0.1354112125690632
484,B1,B1,GLOBAL,DEPLOY,0.11715983635683125,0.11715983635683125,0.0,0.11715983635683125,0.11715983635683125
485,B1,B1,HYBRID,DEPLOY,0.12038419995200833,0.12038419995200833,0.0,0.12038419995200833,0.12038419995200833
486,B1,LOCAL,HYBRID,DEPLOY,0.09943567237243145,0.02946204049089096,0.0,0.09943567237243145,0.02946204049089096
487,B1,GLOBAL,GLOBAL,DEPLOY,0.08150215620379941,0.0,0.0,0.08150215620379941,0.0
488,B1,LOCAL,HYBRID,DEPLOY,0.05416745374593612,0.012427896717622677,0.0,0.05416745374593612,0.012427896717622677
489,B1,B1,B1,DEPLOY,0.0,0.0,0.0,0.0,0.0
490,B1,B1,B1,DEPLOY,0.0,0.0,0.0,0.0,0.0
491,B1,LOCAL,HYBRID,DEPLOY,0.07846823085032395,0.018147756116289604,0.0,0.07846823085032395,0.018147756116289604
492,B1,LOCAL,HYBRID,DEPLOY,0.05592202129028567,0.0037460430000401113,0.0,0.05592202129028567,0.0037460430000401113
493,B1,B1,LOCAL,DEPLOY,0.02042745938991697,0.02042745938991697,0.0,0.02042745938991697,0.02042745938991697
494,B1,GLOBAL,GLOBAL,DEPLOY,0.012676798981097415,0.04091001730304966,0.04091001730304966,-0.028233218321952247,0.0
495,B1,B1,B1,DEPLOY,0.0,0.0,0.0,0.0,0.0
496,B1,LOCAL,HYBRID,DEPLOY,0.04771050303960489,0.03682255854876537,0.0,0.04771050303960489,0.03682255854876537
497,B1,HYBRID,HYBRID,DEPLOY,0.12072340960828143,0.0,0.0,0.12072340960828143,0.0
498,B1,GLOBAL,GLOBAL,DEPLOY,0.09707317199233223,0.0,0.0,0.09707317199233223,0.0
499,B1,B1,GLOBAL,LEARN_UCB,0.01147152296976417,0.01147152296976417,0.005448185832326091,0.006023337137438078,0.006023337137438078
500,B1,HYBRID,HYBRID,DEPLOY,0.13444926215583908,0.0,0.0,0.13444926215583908,0.0
501,B1,B1,LOCAL,LEARN_UCB,0.04888879970744664,0.04888879970744664,0.0011045082153378072,0.04778429149210883,0.04778429149210883
502,B1,B1,LOCAL,DEPLOY,0.034608393352819955,0.034608393352819955,0.0,0.034608393352819955,0.034608393352819955
503,B1,GLOBAL,GLOBAL,DEPLOY,0.07783199009539765,0.0,0.0,0.07783199009539765,0.0
504,B1,B1,B1,DEPLOY,0.0,0.0,0.0,0.0,0.0
505,B1,B1,HYBRID,DEPLOY,0.07518916960334654,0.07518916960334654,0.0,0.07518916960334654,0.07518916960334654
506,B1,B1,HYBRID,DEPLOY,0.09027690577453751,0.09027690577453751,0.0,0.09027690577453751,0.09027690577453751
507,B1,B1,LOCAL,DEPLOY,0.07373531974755443,0.07373531974755443,0.0,0.07373531974755443,0.07373531974755443
508,B1,B1,HYBRID,DEPLOY,0.13255958642746823,0.13255958642746823,0.0,0.13255958642746823,0.13255958642746823
509,B1,B1,LOCAL,DEPLOY,0.0,0.0,0.048992938546271514,-0.048992938546271514,-0.048992938546271514
510,B1,B1,HYBRID,LEARN_UCB,0.1329887339848781,0.1329887339848781,0.0,0.1329887339848781,0.1329887339848781
511,B1,B1,B1,DEPLOY,0.015920491748375065,0.015920491748375065,0.015920491748375065,0.0,0.0
512,B1,B1,B1,DEPLOY,0.0,0.0,0.0,0.0,0.0
513,B1,B1,HYBRID,DEPLOY,0.015621125299682959,0.015621125299682959,0.0,0.015621125299682959,0.015621125299682959
514,B1,GLOBAL,GLOBAL,DEPLOY,0.09145050436563917,0.0,0.0,0.09145050436563917,0.0
515,B1,B1,B1,DEPLOY,0.0,0.0,0.0,0.0,0.0
516,B1,LOCAL,HYBRID,DEPLOY,0.10157107795237974,0.0,0.03483757758716155,0.06673350036521819,-0.03483757758716155
517,B1,B1,GLOBAL,DEPLOY,0.05095267052533892,0.05095267052533892,0.06831993618049048,-0.017367265655151565,-0.017367265655151565
518,B1,B1,LOCAL,DEPLOY,0.0322695994683333,0.0322695994683333,0.08022862646918605,-0.04795902700085275,-0.04795902700085275
519,B1,B1,B1,DEPLOY,0.0,0.0,0.0,0.0,0.0
520,B1,B1,LOCAL,DEPLOY,0.0332803812471999,0.0332803812471999,0.0,0.0332803812471999,0.0332803812471999
521,B1,HYBRID,HYBRID,DEPLOY,0.08339553017902501,0.0,0.0,0.08339553017902501,0.0
522,B1,B1,LOCAL,DEPLOY,0.01732717218617008,0.01732717218617008,0.013974864319561964,0.0033523078666081174,0.0033523078666081174
523,B1,B1,B1,DEPLOY,0.0,0.0,0.0,0.0,0.0
524,B1,GLOBAL,GLOBAL,DEPLOY,0.040181998678115005,0.06271144027945363,0.06271144027945363,-0.02252944160133863,0.0
525,B1,B1,HYBRID,DEPLOY,0.031244790596124283,0.031244790596124283,0.0,0.031244790596124283,0.031244790596124283
526,B1,B1,B1,DEPLOY,0.0,0.0,0.0,0.0,0.0
527,B1,B1,HYBRID,DEPLOY,0.0977547349290736,0.0977547349290736,0.0,0.0977547349290736,0.0977547349290736
528,B1,B1,B1,DEPLOY,0.0,0.0,0.0,0.0,0.0
529,B1,LOCAL,HYBRID,DEPLOY,0.04146418115613659,0.0,0.005889739237110891,0.0355744419190257,-0.005889739237110891
530,B1,B1,HYBRID,DEPLOY,0.10070287943533884,0.10070287943533884,0.0,0.10070287943533884,0.10070287943533884
531,B1,B1,LOCAL,DEPLOY,0.05970065372160138,0.05970065372160138,0.015517158838821321,0.04418349488278006,0.04418349488278006
532,B1,LOCAL,HYBRID,DEPLOY,0.11945301354918059,0.08862286816461185,0.0,0.11945301354918059,0.08862286816461185
533,B1,B1,HYBRID,DEPLOY,0.1369957689766268,0.1369957689766268,0.0,0.1369957689766268,0.1369957689766268
534,B1,B1,B1,DEPLOY,0.0,0.0,0.0,0.0,0.0
535,B1,GLOBAL,GLOBAL,DEPLOY,0.004315042968333516,0.031239866481259315,0.031239866481259315,-0.0269248235129258,0.0
536,B1,B1,LOCAL,DEPLOY,0.05979805423691875,0.05979805423691875,0.0,0.05979805423691875,0.05979805423691875
537,B1,B1,B1,DEPLOY,0.0,0.0,0.0,0.0,0.0
538,B1,GLOBAL,GLOBAL,DEPLOY,0.0207212308320337,0.016010038146453298,0.016010038146453298,0.004711192685580401,0.0
539,B1,GLOBAL,GLOBAL,DEPLOY,0.03474116727714571,0.022966776875750772,0.022966776875750772,0.01177439040139494,0.0
540,B1,B1,HYBRID,DEPLOY,0.056380436587804006,0.056380436587804006,0.0,0.056380436587804006,0.056380436587804006
541,B1,LOCAL,HYBRID,DEPLOY,0.10854806292678154,0.08933918944003683,0.0,0.10854806292678154,0.08933918944003683
542,B1,GLOBAL,GLOBAL,DEPLOY,0.07393160382155872,0.029465934519719128,0.029465934519719128,0.044465669301839594,0.0
543,B1,HYBRID,HYBRID,DEPLOY,0.10855460944857309,0.0,0.0,0.10855460944857309,0.0
544,B1,B1,HYBRID,DEPLOY,0.05485512711331275,0.05485512711331275,0.0,0.05485512711331275,0.05485512711331275
545,B1,B1,B1,DEPLOY,0.0,0.0,0.0,0.0,0.0
546,B1,B1,HYBRID,DEPLOY,0.05474476747516166,0.05474476747516166,0.0,0.05474476747516166,0.05474476747516166
547,B1,B1,HYBRID,DEPLOY,0.09248831107030397,0.09248831107030397,0.0,0.09248831107030397,0.09248831107030397
548,B1,B1,B1,DEPLOY,0.0,0.0,0.0,0.0,0.0
549,B1,GLOBAL,GLOBAL,DEPLOY,0.05916829605621543,0.0,0.0,0.05916829605621543,0.0
550,B1,LOCAL,HYBRID,DEPLOY,0.1305965544051656,0.0,0.08507671581294374,0.04551983859222186,-0.08507671581294374
551,B1,LOCAL,HYBRID,DEPLOY,0.06442765919530136,0.06893162042549283,0.0,0.06442765919530136,0.06893162042549283
552,B1,LOCAL,HYBRID,DEPLOY,0.05389624377915436,0.06677061687130537,0.0,0.05389624377915436,0.06677061687130537
553,B1,GLOBAL,GLOBAL,LEARN_UCB,0.004297655813337076,0.016436157544260976,0.016436157544260976,-0.0121385017309239,0.0
554,B1,B1,GLOBAL,DEPLOY,0.10920749989996137,0.10920749989996137,0.09687316727483963,0.012334332625121736,0.012334332625121736
555,B1,B1,B1,DEPLOY,0.0,0.0,0.0,0.0,0.0
556,B1,B1,HYBRID,DEPLOY,0.05588132051484751,0.05588132051484751,0.0,0.05588132051484751,0.05588132051484751
557,B1,B1,B1,DEPLOY,0.0,0.0,0.0,0.0,0.0
558,B1,B1,HYBRID,DEPLOY,0.04028787641378706,0.04028787641378706,0.0,0.04028787641378706,0.04028787641378706
559,B1,HYBRID,HYBRID,DEPLOY,0.06329886954510644,0.0,0.0,0.06329886954510644,0.0
560,B1,B1,LOCAL,DEPLOY,0.013612441428240696,0.013612441428240696,0.09285889903700562,-0.07924645760876492,-0.07924645760876492
561,B1,B1,LOCAL,DEPLOY,0.013606563699958607,0.013606563699958607,0.00593130215976434,0.007675261540194267,0.007675261540194267
562,B1,HYBRID,HYBRID,DEPLOY,0.06940892913795582,0.0,0.0,0.06940892913795582,0.0
563,B1,B1,LOCAL,DEPLOY,0.011427466866723024,0.011427466866723024,0.09731323356023225,-0.08588576669350922,-0.08588576669350922
564,B1,GLOBAL,GLOBAL,DEPLOY,0.0038522602774644366,0.0,0.0,0.0038522602774644366,0.0
565,B1,B1,HYBRID,DEPLOY,0.056548006955250196,0.056548006955250196,0.0,0.056548006955250196,0.056548006955250196
566,B1,B1,HYBRID,DEPLOY,0.11314483997363367,0.11314483997363367,0.0,0.11314483997363367,0.11314483997363367
567,B1,B1,HYBRID,DEPLOY,0.12408122256261322,0.12408122256261322,0.0,0.12408122256261322,0.12408122256261322
568,B1,B1,B1,DEPLOY,0.0,0.0,0.0,0.0,0.0
569,B1,B1,LOCAL,DEPLOY,0.04117967027088132,0.04117967027088132,0.0676033115921576,-0.02642364132127628,-0.02642364132127628
570,B1,B1,HYBRID,DEPLOY,0.0796046156190704,0.0796046156190704,0.0,0.0796046156190704,0.0796046156190704
571,B1,LOCAL,HYBRID,DEPLOY,0.04130984487441014,0.0,0.0014011782467620026,0.03990866662764814,-0.0014011782467620026
572,B1,HYBRID,HYBRID,DEPLOY,0.0680871623756314,0.0,0.0,0.0680871623756314,0.0
573,B1,B1,LOCAL,DEPLOY,0.023753455760137432,0.023753455760137432,0.07283893146033171,-0.04908547570019428,-0.04908547570019428
574,B1,B1,B1,DEPLOY,0.0,0.0,0.0,0.0,0.0
575,B1,LOCAL,HYBRID,DEPLOY,0.0822114359567605,0.09748851090414923,0.0,0.0822114359567605,0.09748851090414923
576,B1,B1,HYBRID,LEARN_UCB,0.13415692703254556,0.13415692703254556,0.0,0.13415692703254556,0.13415692703254556
577,B1,B1,GLOBAL,DEPLOY,0.039712465284241105,0.039712465284241105,0.0,0.039712465284241105,0.039712465284241105
578,B1,B1,HYBRID,DEPLOY,0.12198827067049833,0.12198827067049833,0.0,0.12198827067049833,0.12198827067049833
579,B1,B1,B1,DEPLOY,0.0,0.0,0.0,0.0,0.0
580,B1,B1,B1,DEPLOY,0.0,0.0,0.0,0.0,0.0
581,B1,GLOBAL,GLOBAL,DEPLOY,0.025047403327864703,0.018985716244063866,0.018985716244063866,0.006061687083800837,0.0
582,B1,B1,HYBRID,DEPLOY,0.07288417025815164,0.07288417025815164,0.0,0.07288417025815164,0.07288417025815164
583,B1,B1,B1,DEPLOY,0.0,0.0,0.0,0.0,0.0
584,B1,B1,HYBRID,DEPLOY,0.025232598384636096,0.025232598384636096,0.0,0.025232598384636096,0.025232598384636096
585,B1,B1,HYBRID,DEPLOY,0.015243224252475818,0.015243224252475818,0.0,0.015243224252475818,0.015243224252475818
586,B1,B1,B1,DEPLOY,0.0,0.0,0.0,0.0,0.0
587,B1,B1,HYBRID,DEPLOY,0.08581525286106007,0.08581525286106007,0.0,0.08581525286106007,0.08581525286106007
588,B1,B1,GLOBAL,DEPLOY,0.05982883076081247,0.05982883076081247,0.0,0.05982883076081247,0.05982883076081247
589,B1,B1,B1,DEPLOY,0.0,0.0,0.0,0.0,0.0
590,B1,B1,LOCAL,DEPLOY,0.11498663608956095,0.11498663608956095,0.0,0.11498663608956095,0.11498663608956095
591,B1,B1,B1,DEPLOY,0.0037059537397712283,0.0037059537397712283,0.0037059537397712283,0.0,0.0
592,B1,B1,HYBRID,DEPLOY,0.13571478844988982,0.13571478844988982,0.0,0.13571478844988982,0.13571478844988982
593,B1,B1,HYBRID,DEPLOY,0.07958246487546217,0.07958246487546217,0.0,0.07958246487546217,0.07958246487546217
594,B1,B1,HYBRID,DEPLOY,0.07923616509685649,0.07923616509685649,0.0,0.07923616509685649,0.07923616509685649
595,B1,B1,B1,DEPLOY,0.0,0.0,0.0,0.0,0.0
596,B1,LOCAL,HYBRID,DEPLOY,0.07253717916678559,0.0,0.05840000426947911,0.014137174897306481,-0.05840000426947911
597,B1,B1,HYBRID,DEPLOY,0.025309232821340566,0.025309232821340566,0.0,0.025309232821340566,0.025309232821340566
598,B1,B1,B1,DEPLOY,0.0,0.0,0.0,0.0,0.0
599,B1,HYBRID,HYBRID,DEPLOY,0.03490095673589522,0.0,0.0,0.03490095673589522,0.0
600,B1,B1,LOCAL,DEPLOY,0.029008365624950017,0.029008365624950017,0.05359572950573266,-0.024587363880782642,-0.024587363880782642
601,B1,B1,HYBRID,DEPLOY,0.13715216629116234,0.13715216629116234,0.0,0.13715216629116234,0.13715216629116234
602,B1,HYBRID,HYBRID,DEPLOY,0.07708491919206695,0.0,0.0,0.07708491919206695,0.0
603,B1,B1,B1,DEPLOY,0.0,0.0,0.0,0.0,0.0
604,B1,B1,HYBRID,DEPLOY,0.027463563278108394,0.027463563278108394,0.0,0.027463563278108394,0.027463563278108394
605,B1,B1,HYBRID,DEPLOY,0.13775602038813972,0.13775602038813972,0.0,0.13775602038813972,0.13775602038813972
606,B1,B1,B1,DEPLOY,0.0,0.0,0.0,0.0,0.0
607,B1,B1,HYBRID,DEPLOY,0.08679340751339315,0.08679340751339315,0.0,0.08679340751339315,0.08679340751339315
608,B1,B1,B1,DEPLOY,0.0,0.0,0.0,0.0,0.0
609,B1,B1,B1,DEPLOY,0.0,0.0,0.0,0.0,0.0
610,B1,B1,B1,DEPLOY,0.0,0.0,0.0,0.0,0.0
611,B1,B1,HYBRID,DEPLOY,0.10447463923994338,0.10447463923994338,0.0,0.10447463923994338,0.10447463923994338
612,B1,B1,HYBRID,DEPLOY,0.0567614926381621,0.0567614926381621,0.0,0.0567614926381621,0.0567614926381621
613,B1,B1,LOCAL,DEPLOY,0.024549050685175322,0.024549050685175322,0.053656463412942945,-0.029107412727767623,-0.029107412727767623
614,B1,B1,GLOBAL,DEPLOY,0.12991445159188286,0.12991445159188286,0.0,0.12991445159188286,0.12991445159188286
615,B1,B1,GLOBAL,DEPLOY,0.01809200656296628,0.01809200656296628,0.013123380181435329,0.0049686263815309495,0.0049686263815309495
616,B1,B1,B1,DEPLOY,0.0,0.0,0.0,0.0,0.0
617,B1,B1,B1,LEARN_UCB,0.0,0.0,0.0,0.0,0.0
618,B1,B1,HYBRID,DEPLOY,0.07723766529979792,0.07723766529979792,0.0,0.07723766529979792,0.07723766529979792
619,B1,B1,B1,DEPLOY,0.0,0.0,0.0,0.0,0.0
620,B1,B1,LOCAL,DEPLOY,0.03425725328057028,0.03425725328057028,0.0,0.03425725328057028,0.03425725328057028
621,B1,LOCAL,HYBRID,DEPLOY,0.04304990404899245,0.0,0.004832986004829509,0.03821691804416294,-0.004832986004829509
622,B1,B1,B1,DEPLOY,0.009811614998413098,0.009811614998413098,0.009811614998413098,0.0,0.0
623,B1,B1,HYBRID,DEPLOY,0.03373692038561049,0.03373692038561049,0.0,0.03373692038561049,0.03373692038561049
624,B1,LOCAL,HYBRID,DEPLOY,0.06344091850132816,0.07701316151709692,0.0,0.06344091850132816,0.07701316151709692
625,B1,B1,LOCAL,DEPLOY,0.11674326801382828,0.11674326801382828,0.0,0.11674326801382828,0.11674326801382828
626,B1,B1,B1,DEPLOY,0.0,0.0,0.0,0.0,0.0
627,B1,B1,B1,DEPLOY,0.0,0.0,0.0,0.0,0.0
628,B1,B1,B1,DEPLOY,0.0,0.0,0.0,0.0,0.0
629,B1,B1,B1,DEPLOY,0.0,0.0,0.0,0.0,0.0
630,B1,B1,LOCAL,DEPLOY,0.004215952096872533,0.004215952096872533,0.0584457577180314,-0.054229805621158866,-0.054229805621158866
631,B1,B1,GLOBAL,DEPLOY,0.09092942000987247,0.09092942000987247,0.0,0.09092942000987247,0.09092942000987247
632,B1,B1,GLOBAL,DEPLOY,0.018498781883671156,0.018498781883671156,0.05217940917587638,-0.03368062729220522,-0.03368062729220522
633,B1,B1,LOCAL,DEPLOY,0.12314669185917737,0.12314669185917737,0.0,0.12314669185917737,0.12314669185917737
634,B1,LOCAL,HYBRID,DEPLOY,0.12437576651585236,0.09846162604083997,0.0,0.12437576651585236,0.09846162604083997
635,B1,GLOBAL,GLOBAL,DEPLOY,0.0,0.06266927678885958,0.06266927678885958,-0.06266927678885958,0.0
636,B1,B1,B1,DEPLOY,0.0,0.0,0.0,0.0,0.0
637,B1,GLOBAL,GLOBAL,DEPLOY,0.0,0.030162093001103507,0.030162093001103507,-0.030162093001103507,0.0
638,B1,B1,B1,DEPLOY,0.0,0.0,0.0,0.0,0.0
639,B1,HYBRID,HYBRID,DEPLOY,0.11888591375657331,0.0,0.0,0.11888591375657331,0.0
640,B1,LOCAL,HYBRID,LEARN_UCB,0.07232484790539329,0.0,0.025414608525669347,0.04691023937972394,-0.025414608525669347
641,B1,B1,B1,DEPLOY,0.0,0.0,0.0,0.0,0.0
642,B1,HYBRID,HYBRID,DEPLOY,0.05780916812977266,0.0,0.0,0.05780916812977266,0.0
643,B1,B1,B1,DEPLOY,0.0,0.0,0.0,0.0,0.0
644,B1,LOCAL,HYBRID,DEPLOY,0.025323130110375347,0.006686605718862371,0.0,0.025323130110375347,0.006686605718862371
645,B1,B1,B1,DEPLOY,0.0,0.0,0.0,0.0,0.0
646,B1,B1,GLOBAL,DEPLOY,0.09617406565201636,0.09617406565201636,0.08780546468618688,0.008368600965829476,0.008368600965829476
647,B1,HYBRID,HYBRID,DEPLOY,0.07454289164846684,0.0,0.0,0.07454289164846684,0.0
648,B1,LOCAL,HYBRID,DEPLOY,0.03976235364584957,0.07349942884668037,0.0,0.03976235364584957,0.07349942884668037
649,B1,B1,B1,DEPLOY,0.0,0.0,0.0,0.0,0.0
650,B1,B1,B1,DEPLOY,0.0,0.0,0.0,0.0,0.0
651,B1,B1,B1,DEPLOY,0.0,0.0,0.0,0.0,0.0
652,B1,B1,B1,DEPLOY,0.0,0.0,0.0,0.0,0.0
653,B1,LOCAL,HYBRID,LEARN_UCB,0.04592860162034762,0.0,0.04511605615378678,0.0008125454665608434,-0.04511605615378678
654,B1,GLOBAL,GLOBAL,DEPLOY,0.04351121886036402,0.004223573467958874,0.004223573467958874,0.039287645392405146,0.0
655,B1,LOCAL,HYBRID,DEPLOY,0.10575865606632551,0.10606425168209255,0.0,0.10575865606632551,0.10606425168209255
656,B1,B1,LOCAL,LEARN_UCB,0.0,0.0,0.024692319233459936,-0.024692319233459936,-0.024692319233459936
657,B1,B1,B1,DEPLOY,0.0,0.0,0.0,0.0,0.0
658,B1,B1,B1,DEPLOY,0.00251033816336943,0.00251033816336943,0.00251033816336943,0.0,0.0
659,B1,B1,GLOBAL,DEPLOY,0.07101972511829868,0.07101972511829868,0.011490719918064718,0.059529005200233964,0.059529005200233964
660,B1,B1,LOCAL,DEPLOY,0.04231434252833821,0.04231434252833821,0.053254800706847405,-0.010940458178509194,-0.010940458178509194
661,B1,B1,B1,DEPLOY,0.0,0.0,0.0,0.0,0.0
662,B1,B1,GLOBAL,DEPLOY,0.09491491104204586,0.09491491104204586,0.040422678291345826,0.05449223275070003,0.05449223275070003
663,B1,HYBRID,HYBRID,DEPLOY,0.051408576399535666,0.0,0.0,0.051408576399535666,0.0
664,B1,B1,HYBRID,DEPLOY,0.05542628912189629,0.05542628912189629,0.0,0.05542628912189629,0.05542628912189629
665,B1,LOCAL,HYBRID,DEPLOY,0.04957766851158141,0.02200736611690879,0.0,0.04957766851158141,0.02200736611690879
666,B1,B1,LOCAL,DEPLOY,0.08772851487533151,0.08772851487533151,0.0,0.08772851487533151,0.08772851487533151
667,B1,GLOBAL,GLOBAL,DEPLOY,0.05296104752015052,0.0,0.0,0.05296104752015052,0.0
668,B1,B1,B1,LEARN_UCB,0.0,0.0,0.0,0.0,0.0
669,B1,B1,B1,DEPLOY,0.0,0.0,0.0,0.0,0.0
670,B1,B1,GLOBAL,LEARN_UCB,0.019994731981281877,0.019994731981281877,0.07397111412857149,-0.053976382147289614,-0.053976382147289614
671,B1,B1,B1,DEPLOY,0.0,0.0,0.0,0.0,0.0
672,B1,B1,HYBRID,DEPLOY,0.04238487907809174,0.04238487907809174,0.0,0.04238487907809174,0.04238487907809174
673,B1,B1,HYBRID,DEPLOY,0.06986294234883927,0.06986294234883927,0.0,0.06986294234883927,0.06986294234883927
674,B1,B1,HYBRID,DEPLOY,0.11229010922546101,0.11229010922546101,0.0,0.11229010922546101,0.11229010922546101
675,B1,B1,GLOBAL,DEPLOY,0.09228381412263931,0.09228381412263931,0.0,0.09228381412263931,0.09228381412263931
676,B1,B1,GLOBAL,DEPLOY,0.05798589638578999,0.05798589638578999,0.007230224504981453,0.05075567188080854,0.05075567188080854
677,B1,B1,LOCAL,DEPLOY,0.024036382716503435,0.024036382716503435,0.05506773885564609,-0.031031356139142652,-0.031031356139142652
678,B1,B1,GLOBAL,DEPLOY,0.0488488967003341,0.0488488967003341,0.00958819652487053,0.03926070017546357,0.03926070017546357
679,B1,B1,LOCAL,DEPLOY,0.11436334972486095,0.11436334972486095,0.0,0.11436334972486095,0.11436334972486095
680,B1,B1,LOCAL,DEPLOY,0.1237627583616846,0.1237627583616846,0.0,0.1237627583616846,0.1237627583616846
681,B1,B1,LOCAL,DEPLOY,0.12103187537906923,0.12103187537906923,0.0,0.12103187537906923,0.12103187537906923
682,B1,B1,GLOBAL,DEPLOY,0.06828484764523746,0.06828484764523746,0.07050392576270992,-0.0022190781174724616,-0.0022190781174724616
683,B1,B1,LOCAL,DEPLOY,0.03725060418277104,0.03725060418277104,0.0,0.03725060418277104,0.03725060418277104
684,B1,B1,B1,DEPLOY,0.0,0.0,0.0,0.0,0.0
685,B1,B1,LOCAL,DEPLOY,0.0325744447483205,0.0325744447483205,0.052978750214050296,-0.0204043054657298,-0.0204043054657298
686,B1,B1,B1,DEPLOY,0.0002852406570493793,0.0002852406570493793,0.0002852406570493793,0.0,0.0
687,B1,B1,HYBRID,DEPLOY,0.11143712576554721,0.11143712576554721,0.0,0.11143712576554721,0.11143712576554721
688,B1,B1,GLOBAL,DEPLOY,0.09469230784222293,0.09469230784222293,0.03453359159045355,0.060158716251769384,0.060158716251769384
689,B1,HYBRID,HYBRID,DEPLOY,0.09087068278042743,0.0,0.0,0.09087068278042743,0.0
690,B1,B1,LOCAL,DEPLOY,0.00600634798030153,0.00600634798030153,0.0440349302371561,-0.03802858225685457,-0.03802858225685457
691,B1,B1,B1,DEPLOY,0.0,0.0,0.0,0.0,0.0
692,B1,B1,B1,DEPLOY,0.0,0.0,0.0,0.0,0.0
693,B1,B1,B1,DEPLOY,0.018931792013929027,0.018931792013929027,0.018931792013929027,0.0,0.0
694,B1,GLOBAL,GLOBAL,DEPLOY,0.04917779392199717,0.0,0.0,0.04917779392199717,0.0
695,B1,LOCAL,HYBRID,DEPLOY,0.037395583994797144,0.01089510463367327,0.0,0.037395583994797144,0.01089510463367327
696,B1,B1,HYBRID,DEPLOY,0.1273218863861254,0.1273218863861254,0.0,0.1273218863861254,0.1273218863861254
697,B1,B1,GLOBAL,DEPLOY,0.05029195253176033,0.05029195253176033,0.0,0.05029195253176033,0.05029195253176033
698,B1,B1,B1,DEPLOY,0.0,0.0,0.0,0.0,0.0
699,B1,GLOBAL,GLOBAL,DEPLOY,0.13501744665750548,0.0,0.0,0.13501744665750548,0.0
700,B1,B1,B1,DEPLOY,0.0004542335457626834,0.0004542335457626834,0.0004542335457626834,0.0,0.0
701,B1,B1,B1,LEARN_UCB,0.0,0.0,0.0,0.0,0.0
702,B1,B1,HYBRID,DEPLOY,0.025771542859158725,0.025771542859158725,0.0,0.025771542859158725,0.025771542859158725
703,B1,B1,B1,DEPLOY,0.0,0.0,0.0,0.0,0.0
704,B1,HYBRID,HYBRID,DEPLOY,0.08465717023738284,0.0,0.0,0.08465717023738284,0.0
705,B1,HYBRID,HYBRID,DEPLOY,0.1107026652412606,0.0,0.0,0.1107026652412606,0.0
706,B1,B1,GLOBAL,DEPLOY,0.10517919818775479,0.10517919818775479,0.0789544073347841,0.026224790852970692,0.026224790852970692
707,B1,B1,HYBRID,DEPLOY,0.1162808944872662,0.1162808944872662,0.0,0.1162808944872662,0.1162808944872662
708,B1,B1,B1,DEPLOY,0.002074390789492231,0.002074390789492231,0.002074390789492231,0.0,0.0
709,B1,B1,HYBRID,DEPLOY,0.058181777687146496,0.058181777687146496,0.0,0.058181777687146496,0.058181777687146496
710,B1,LOCAL,HYBRID,DEPLOY,0.02474304408963046,0.0,0.02874351113177187,-0.004000467042141409,-0.02874351113177187
711,B1,B1,GLOBAL,DEPLOY,0.108071882962671,0.108071882962671,0.0,0.108071882962671,0.108071882962671
712,B1,HYBRID,HYBRID,DEPLOY,0.11315987767602542,0.0,0.0,0.11315987767602542,0.0
713,B1,B1,B1,DEPLOY,0.0,0.0,0.0,0.0,0.0
714,B1,B1,HYBRID,DEPLOY,0.04768857586408415,0.04768857586408415,0.0,0.04768857586408415,0.04768857586408415
715,B1,B1,B1,DEPLOY,0.0,0.0,0.0,0.0,0.0
716,B1,HYBRID,HYBRID,DEPLOY,0.05012511810526743,0.0,0.0,0.05012511810526743,0.0
717,B1,LOCAL,HYBRID,DEPLOY,0.10401777177336946,0.09238784029294544,0.0,0.10401777177336946,0.09238784029294544
718,B1,GLOBAL,GLOBAL,DEPLOY,0.1025112859162951,0.0,0.0,0.1025112859162951,0.0
719,B1,B1,B1,DEPLOY,0.0,0.0,0.0,0.0,0.0
720,B1,LOCAL,HYBRID,DEPLOY,0.03056605861290973,0.023633734371728887,0.0,0.03056605861290973,0.023633734371728887
721,B1,B1,B1,DEPLOY,0.0005552990279820147,0.0005552990279820147,0.0005552990279820147,0.0,0.0
722,B1,B1,B1,DEPLOY,0.0,0.0,0.0,0.0,0.0
723,B1,B1,HYBRID,DEPLOY,0.11041822107868426,0.11041822107868426,0.0,0.11041822107868426,0.11041822107868426
724,B1,B1,LOCAL,DEPLOY,0.0176833479597176,0.0176833479597176,0.03840065065711784,-0.02071730269740024,-0.02071730269740024
725,B1,B1,HYBRID,DEPLOY,0.06888360996021736,0.06888360996021736,0.0,0.06888360996021736,0.06888360996021736
726,B1,B1,LOCAL,DEPLOY,0.06276164017068242,0.06276164017068242,0.0,0.06276164017068242,0.06276164017068242
727,B1,B1,HYBRID,DEPLOY,0.0581392818711256,0.0581392818711256,0.0,0.0581392818711256,0.0581392818711256
728,B1,B1,B1,DEPLOY,0.013275545096462116,0.013275545096462116,0.013275545096462116,0.0,0.0
729,B1,B1,LOCAL,DEPLOY,0.09301655661026809,0.09301655661026809,0.0,0.09301655661026809,0.09301655661026809
730,B1,B1,B1,DEPLOY,0.014811938107250344,0.014811938107250344,0.014811938107250344,0.0,0.0
731,B1,B1,B1,DEPLOY,0.0,0.0,0.0,0.0,0.0
732,B1,GLOBAL,GLOBAL,DEPLOY,0.028041214404408543,0.04099794776594601,0.04099794776594601,-0.012956733361537465,0.0
733,B1,B1,GLOBAL,DEPLOY,0.11594140277557996,0.11594140277557996,0.0,0.11594140277557996,0.11594140277557996
734,B1,HYBRID,HYBRID,DEPLOY,0.09218288958785437,0.0,0.0,0.09218288958785437,0.0
735,B1,GLOBAL,GLOBAL,DEPLOY,0.06681774917633532,0.0,0.0,0.06681774917633532,0.0
736,B1,B1,HYBRID,DEPLOY,0.09879002924667712,0.09879002924667712,0.0,0.09879002924667712,0.09879002924667712
737,B1,B1,B1,DEPLOY,0.0833630032723447,0.0833630032723447,0.0833630032723447,0.0,0.0
738,B1,B1,B1,DEPLOY,0.0,0.0,0.0,0.0,0.0
739,B1,B1,LOCAL,DEPLOY,0.08600826738901646,0.08600826738901646,0.041700093829126095,0.04430817355989036,0.04430817355989036
740,B1,HYBRID,HYBRID,DEPLOY,0.07278397162441685,0.0,0.0,0.07278397162441685,0.0
741,B1,LOCAL,HYBRID,DEPLOY,0.06079541476997019,0.003505903448954295,0.0,0.06079541476997019,0.003505903448954295
742,B1,B1,B1,DEPLOY,0.0,0.0,0.0,0.0,0.0
743,B1,B1,B1,DEPLOY,0.0,0.0,0.0,0.0,0.0
744,B1,B1,LOCAL,DEPLOY,0.00590883331675951,0.00590883331675951,0.05745294203857576,-0.05154410872181625,-0.05154410872181625
745,B1,B1,GLOBAL,DEPLOY,0.07523213905197013,0.07523213905197013,0.11661331516961015,-0.04138117611764003,-0.04138117611764003
746,B1,B1,B1,DEPLOY,0.08700529139400826,0.08700529139400826,0.08700529139400826,0.0,0.0
747,B1,GLOBAL,GLOBAL,DEPLOY,0.12466503342504709,0.0,0.0,0.12466503342504709,0.0
748,B1,B1,B1,DEPLOY,0.03478064563041938,0.03478064563041938,0.03478064563041938,0.0,0.0
749,B1,B1,HYBRID,DEPLOY,0.13380272595827147,0.13380272595827147,0.0,0.13380272595827147,0.13380272595827147
750,B1,B1,LOCAL,DEPLOY,0.10285271654367456,0.10285271654367456,0.0,0.10285271654367456,0.10285271654367456
751,B1,B1,B1,DEPLOY,0.0,0.0,0.0,0.0,0.0
752,B1,B1,B1,DEPLOY,0.0,0.0,0.0,0.0,0.0
753,B1,B1,GLOBAL,DEPLOY,0.12096350999754701,0.12096350999754701,0.0,0.12096350999754701,0.12096350999754701
754,B1,B1,B1,DEPLOY,0.0,0.0,0.0,0.0,0.0
755,B1,LOCAL,HYBRID,DEPLOY,0.09670795654610276,0.0,0.07008239344565492,0.026625563100447835,-0.07008239344565492
756,B1,B1,HYBRID,DEPLOY,0.04118889856488328,0.04118889856488328,0.0,0.04118889856488328,0.04118889856488328
757,B1,LOCAL,HYBRID,DEPLOY,0.009998370685990299,0.04192641863950697,0.0,0.009998370685990299,0.04192641863950697
758,B1,B1,LOCAL,DEPLOY,0.10259599091559213,0.10259599091559213,0.0,0.10259599091559213,0.10259599091559213
759,B1,B1,HYBRID,DEPLOY,0.11543670241451742,0.11543670241451742,0.0,0.11543670241451742,0.11543670241451742
760,B1,B1,HYBRID,LEARN_UCB,0.09405045844431648,0.09405045844431648,0.0,0.09405045844431648,0.09405045844431648
761,B1,HYBRID,HYBRID,DEPLOY,0.0677028635244653,0.0,0.0,0.0677028635244653,0.0
762,B1,B1,LOCAL,DEPLOY,0.050608228849282955,0.050608228849282955,0.0,0.050608228849282955,0.050608228849282955
763,B1,B1,B1,DEPLOY,0.013842429521364275,0.013842429521364275,0.013842429521364275,0.0,0.0
764,B1,B1,HYBRID,DEPLOY,0.10447743131406462,0.10447743131406462,0.0,0.10447743131406462,0.10447743131406462
765,B1,HYBRID,HYBRID,DEPLOY,0.11150522101179583,0.0,0.0,0.11150522101179583,0.0
766,B1,B1,B1,DEPLOY,0.00746253065109137,0.00746253065109137,0.00746253065109137,0.0,0.0
767,B1,GLOBAL,GLOBAL,DEPLOY,0.001089037538824389,0.0,0.0,0.001089037538824389,0.0
768,B1,B1,B1,DEPLOY,0.0,0.0,0.0,0.0,0.0
769,B1,B1,B1,DEPLOY,0.0,0.0,0.0,0.0,0.0
770,B1,B1,B1,DEPLOY,0.0,0.0,0.0,0.0,0.0
771,B1,B1,HYBRID,DEPLOY,0.12212906050367689,0.12212906050367689,0.0,0.12212906050367689,0.12212906050367689
772,B1,B1,HYBRID,DEPLOY,0.06998339010879429,0.06998339010879429,0.0,0.06998339010879429,0.06998339010879429
773,B1,B1,LOCAL,DEPLOY,0.0845672886819201,0.0845672886819201,0.0,0.0845672886819201,0.0845672886819201
774,B1,HYBRID,HYBRID,DEPLOY,0.09316334810066562,0.0,0.0,0.09316334810066562,0.0
775,B1,B1,LOCAL,DEPLOY,0.08477364290691325,0.08477364290691325,0.0,0.08477364290691325,0.08477364290691325
776,B1,B1,B1,DEPLOY,0.0,0.0,0.0,0.0,0.0
777,B1,LOCAL,HYBRID,DEPLOY,0.05972932394881625,0.0,0.010541896782712668,0.04918742716610358,-0.010541896782712668
778,B1,B1,HYBRID,DEPLOY,0.11609481052756498,0.11609481052756498,0.0,0.11609481052756498,0.11609481052756498
779,B1,B1,LOCAL,DEPLOY,0.0,0.0,0.02294677024908376,-0.02294677024908376,-0.02294677024908376
780,B1,B1,LOCAL,DEPLOY,0.08777122652675096,0.08777122652675096,0.0,0.08777122652675096,0.08777122652675096
781,B1,B1,LOCAL,DEPLOY,0.07607876037668415,0.07607876037668415,0.0,0.07607876037668415,0.07607876037668415
782,B1,B1,HYBRID,DEPLOY,0.06481096324740732,0.06481096324740732,0.0,0.06481096324740732,0.06481096324740732
783,B1,B1,B1,DEPLOY,0.0,0.0,0.0,0.0,0.0
784,B1,B1,HYBRID,DEPLOY,0.12855794799989217,0.12855794799989217,0.0,0.12855794799989217,0.12855794799989217
785,B1,B1,B1,LEARN_UCB,0.0,0.0,0.0,0.0,0.0
786,B1,GLOBAL,GLOBAL,DEPLOY,0.08639284079803788,0.026345248486227213,0.026345248486227213,0.06004759231181067,0.0
787,B1,B1,B1,LEARN_UCB,0.0,0.0,0.0,0.0,0.0
788,B1,B1,B1,DEPLOY,0.0,0.0,0.0,0.0,0.0
789,B1,HYBRID,HYBRID,DEPLOY,0.060812874465224986,0.0,0.0,0.060812874465224986,0.0
790,B1,B1,HYBRID,DEPLOY,0.0235488457593227,0.0235488457593227,0.0,0.0235488457593227,0.0235488457593227
791,B1,B1,HYBRID,DEPLOY,0.09017970831662625,0.09017970831662625,0.0,0.09017970831662625,0.09017970831662625
792,B1,B1,B1,DEPLOY,0.0,0.0,0.0,0.0,0.0
793,B1,B1,B1,DEPLOY,0.0,0.0,0.0,0.0,0.0
794,B1,B1,HYBRID,DEPLOY,0.10431462217330767,0.10431462217330767,0.0,0.10431462217330767,0.10431462217330767
795,B1,B1,B1,DEPLOY,0.0,0.0,0.0,0.0,0.0
796,B1,B1,LOCAL,DEPLOY,0.011855727889314438,0.011855727889314438,0.05263532553366901,-0.04077959764435457,-0.04077959764435457
797,B1,LOCAL,HYBRID,DEPLOY,0.09827188076535487,0.0,0.02622641778836421,0.07204546297699066,-0.02622641778836421
798,B1,B1,GLOBAL,LEARN_UCB,0.07960540218545842,0.07960540218545842,0.0,0.07960540218545842,0.07960540218545842
799,B1,HYBRID,HYBRID,DEPLOY,0.05569471295733497,0.0,0.0,0.05569471295733497,0.0
800,B1,HYBRID,HYBRID,DEPLOY,0.04964827522751092,0.0,0.0,0.04964827522751092,0.0
801,B1,B1,HYBRID,DEPLOY,0.08765317669436234,0.08765317669436234,0.0,0.08765317669436234,0.08765317669436234
802,B1,B1,LOCAL,DEPLOY,0.07292479287388964,0.07292479287388964,0.0,0.07292479287388964,0.07292479287388964
803,B1,B1,B1,DEPLOY,0.0,0.0,0.0,0.0,0.0
804,B1,B1,HYBRID,DEPLOY,0.06307531173327274,0.06307531173327274,0.0,0.06307531173327274,0.06307531173327274
805,B1,B1,HYBRID,DEPLOY,0.047187655021846076,0.047187655021846076,0.0,0.047187655021846076,0.047187655021846076
806,B1,LOCAL,HYBRID,DEPLOY,0.09920220386507683,0.06226430515708836,0.0,0.09920220386507683,0.06226430515708836
807,B1,B1,HYBRID,DEPLOY,0.08783408743839649,0.08783408743839649,0.0,0.08783408743839649,0.08783408743839649
808,B1,B1,LOCAL,DEPLOY,0.08806511476076939,0.08806511476076939,0.0,0.08806511476076939,0.08806511476076939
809,B1,B1,LOCAL,DEPLOY,0.011769264670484447,0.011769264670484447,0.0,0.011769264670484447,0.011769264670484447
810,B1,B1,LOCAL,DEPLOY,0.019442358169037943,0.019442358169037943,0.036368281971657423,-0.01692592380261948,-0.01692592380261948
811,B1,B1,GLOBAL,DEPLOY,0.0405155849654284,0.0405155849654284,0.10244245757189341,-0.06192687260646501,-0.06192687260646501
812,B1,B1,GLOBAL,LEARN_UCB,0.029342369145402225,0.029342369145402225,0.0,0.029342369145402225,0.029342369145402225
813,B1,B1,B1,DEPLOY,0.0,0.0,0.0,0.0,0.0
814,B1,B1,LOCAL,DEPLOY,0.05055178601069832,0.05055178601069832,0.0,0.05055178601069832,0.05055178601069832
815,B1,LOCAL,HYBRID,DEPLOY,0.046574294113152725,0.07680637176531313,0.0,0.046574294113152725,0.07680637176531313
816,B1,LOCAL,HYBRID,DEPLOY,0.1002164499473226,0.0786322227887275,0.0,0.1002164499473226,0.0786322227887275
817,B1,B1,B1,DEPLOY,0.0,0.0,0.0,0.0,0.0
818,B1,GLOBAL,GLOBAL,DEPLOY,0.12016715636704012,0.0,0.0,0.12016715636704012,0.0
819,B1,B1,B1,DEPLOY,0.0,0.0,0.0,0.0,0.0
820,B1,B1,B1,DEPLOY,0.0,0.0,0.0,0.0,0.0
821,B1,B1,LOCAL,DEPLOY,0.028330556008749785,0.028330556008749785,0.113996023887325,-0.08566546787857521,-0.08566546787857521
822,B1,B1,B1,DEPLOY,0.0,0.0,0.0,0.0,0.0
823,B1,B1,GLOBAL,DEPLOY,0.0325449616051402,0.0325449616051402,0.0919296098766832,-0.059384648271542995,-0.059384648271542995
824,B1,B1,GLOBAL,DEPLOY,0.08648004120257524,0.08648004120257524,0.02797390087727769,0.05850614032529755,0.05850614032529755
825,B1,HYBRID,HYBRID,DEPLOY,0.06357325306904138,0.0,0.0,0.06357325306904138,0.0
826,B1,LOCAL,HYBRID,DEPLOY,0.012838790587786586,0.01277542282358779,0.0,0.012838790587786586,0.01277542282358779
827,B1,HYBRID,HYBRID,DEPLOY,0.09398327462425304,0.0,0.0,0.09398327462425304,0.0
828,B1,B1,B1,DEPLOY,0.0,0.0,0.0,0.0,0.0
829,B1,GLOBAL,GLOBAL,DEPLOY,0.054712330087613115,0.0,0.0,0.054712330087613115,0.0
830,B1,B1,HYBRID,DEPLOY,0.011169045935787603,0.011169045935787603,0.0,0.011169045935787603,0.011169045935787603
831,B1,B1,B1,LEARN_UCB,0.019265461236375403,0.019265461236375403,0.019265461236375403,0.0,0.0
832,B1,B1,HYBRID,DEPLOY,0.12334237950250437,0.12334237950250437,0.0,0.12334237950250437,0.12334237950250437
833,B1,B1,HYBRID,DEPLOY,0.12770339998569435,0.12770339998569435,0.0,0.12770339998569435,0.12770339998569435
834,B1,B1,B1,DEPLOY,0.01519620048791237,0.01519620048791237,0.01519620048791237,0.0,0.0
835,B1,B1,HYBRID,DEPLOY,0.1267992631227739,0.1267992631227739,0.0,0.1267992631227739,0.1267992631227739
836,B1,B1,HYBRID,DEPLOY,0.09899552616438267,0.09899552616438267,0.0,0.09899552616438267,0.09899552616438267
837,B1,GLOBAL,GLOBAL,DEPLOY,0.033795189078574595,0.0,0.0,0.033795189078574595,0.0
838,B1,B1,HYBRID,DEPLOY,0.09129536362611779,0.09129536362611779,0.0,0.09129536362611779,0.09129536362611779
839,B1,B1,HYBRID,DEPLOY,0.09836257124340231,0.09836257124340231,0.0,0.09836257124340231,0.09836257124340231
840,B1,B1,LOCAL,DEPLOY,0.056657564380484415,0.056657564380484415,0.0,0.056657564380484415,0.056657564380484415
841,B1,LOCAL,HYBRID,DEPLOY,0.027863547346374307,0.05381398695882189,0.0,0.027863547346374307,0.05381398695882189
842,B1,B1,B1,DEPLOY,0.0,0.0,0.0,0.0,0.0
843,B1,B1,HYBRID,DEPLOY,0.11886057479869605,0.11886057479869605,0.0,0.11886057479869605,0.11886057479869605
844,B1,B1,B1,DEPLOY,0.03972365830106539,0.03972365830106539,0.03972365830106539,0.0,0.0
845,B1,B1,B1,DEPLOY,0.025414022827397575,0.025414022827397575,0.025414022827397575,0.0,0.0
846,B1,B1,HYBRID,DEPLOY,0.06427569067153727,0.06427569067153727,0.0,0.06427569067153727,0.06427569067153727
847,B1,B1,LOCAL,DEPLOY,0.03257178475890499,0.03257178475890499,0.09282147032933918,-0.0602496855704342,-0.0602496855704342
848,B1,B1,HYBRID,DEPLOY,0.13258617821156238,0.13258617821156238,0.0,0.13258617821156238,0.13258617821156238
849,B1,GLOBAL,GLOBAL,DEPLOY,0.04875943867166288,0.0,0.0,0.04875943867166288,0.0
850,B1,B1,LOCAL,LEARN_UCB,0.026681098856037755,0.026681098856037755,0.0,0.026681098856037755,0.026681098856037755
851,B1,LOCAL,HYBRID,DEPLOY,0.07493209045209082,0.1070458002599034,0.0,0.07493209045209082,0.1070458002599034
852,B1,LOCAL,HYBRID,DEPLOY,0.0934115446964282,0.0,0.03446980782588993,0.058941736870538275,-0.03446980782588993
853,B1,B1,B1,LEARN_UCB,0.0,0.0,0.0,0.0,0.0
854,B1,B1,LOCAL,DEPLOY,0.07176668452294865,0.07176668452294865,0.000963007948691752,0.0708036765742569,0.0708036765742569
855,B1,B1,B1,DEPLOY,0.0,0.0,0.0,0.0,0.0
856,B1,B1,HYBRID,DEPLOY,0.1320546852337391,0.1320546852337391,0.0,0.1320546852337391,0.1320546852337391
857,B1,LOCAL,HYBRID,DEPLOY,0.06742089253882422,0.07539437266348292,0.0,0.06742089253882422,0.07539437266348292
858,B1,B1,HYBRID,DEPLOY,0.0991023371554195,0.0991023371554195,0.0,0.0991023371554195,0.0991023371554195
859,B1,B1,LOCAL,DEPLOY,0.04461920743288739,0.04461920743288739,0.06589494574260135,-0.021275738309713965,-0.021275738309713965
860,B1,GLOBAL,GLOBAL,LEARN_UCB,0.12832278985383905,0.0,0.0,0.12832278985383905,0.0
861,B1,HYBRID,HYBRID,DEPLOY,0.035449740265498075,0.0,0.0,0.035449740265498075,0.0
862,B1,B1,B1,DEPLOY,0.0,0.0,0.0,0.0,0.0
863,B1,B1,LOCAL,DEPLOY,0.10553462674103642,0.10553462674103642,0.0,0.10553462674103642,0.10553462674103642
864,B1,B1,LOCAL,DEPLOY,0.0,0.0,0.014913862383045262,-0.014913862383045262,-0.014913862383045262
865,B1,GLOBAL,GLOBAL,DEPLOY,0.0,0.011713569151460934,0.011713569151460934,-0.011713569151460934,0.0
866,B1,B1,B1,DEPLOY,0.0,0.0,0.0,0.0,0.0
867,B1,HYBRID,HYBRID,DEPLOY,0.0699579797604103,0.0,0.0,0.0699579797604103,0.0
868,B1,LOCAL,HYBRID,DEPLOY,0.078615715153876,0.056519982133878544,0.0,0.078615715153876,0.056519982133878544
869,B1,B1,LOCAL,DEPLOY,0.12673502384871604,0.12673502384871604,0.0,0.12673502384871604,0.12673502384871604
870,B1,B1,LOCAL,DEPLOY,0.07264081253934607,0.07264081253934607,0.0,0.07264081253934607,0.07264081253934607
871,B1,HYBRID,HYBRID,DEPLOY,0.0858139024487129,0.0,0.0,0.0858139024487129,0.0
872,B1,LOCAL,HYBRID,DEPLOY,0.07555023057834986,0.0,0.04630018149392079,0.029250049084429075,-0.04630018149392079
873,B1,B1,LOCAL,DEPLOY,0.05964051207840948,0.05964051207840948,0.0821787681310372,-0.022538256052627714,-0.022538256052627714
874,B1,B1,B1,DEPLOY,0.0,0.0,0.0,0.0,0.0
875,B1,HYBRID,HYBRID,DEPLOY,0.03898276176582338,0.0,0.0,0.03898276176582338,0.0
876,B1,B1,LOCAL,DEPLOY,0.09255706229440852,0.09255706229440852,0.0,0.09255706229440852,0.09255706229440852
877,B1,B1,LOCAL,DEPLOY,0.1640411009521272,0.1640411009521272,0.0,0.1640411009521272,0.1640411009521272
878,B1,B1,LOCAL,DEPLOY,0.021225841945014867,0.021225841945014867,0.0,0.021225841945014867,0.021225841945014867
879,B1,B1,LOCAL,DEPLOY,0.0488007604520555,0.0488007604520555,0.0855105114368212,-0.0367097509847657,-0.0367097509847657
880,B1,GLOBAL,GLOBAL,DEPLOY,0.08037001618735706,0.0,0.0,0.08037001618735706,0.0
881,B1,GLOBAL,GLOBAL,DEPLOY,0.050340712059496084,0.0,0.0,0.050340712059496084,0.0
882,B1,B1,B1,DEPLOY,0.0,0.0,0.0,0.0,0.0
883,B1,HYBRID,HYBRID,DEPLOY,0.1002913707710742,0.0,0.0,0.1002913707710742,0.0
884,B1,B1,B1,DEPLOY,0.0,0.0,0.0,0.0,0.0
885,B1,B1,LOCAL,DEPLOY,0.0,0.0,0.012079847382664766,-0.012079847382664766,-0.012079847382664766
886,B1,B1,LOCAL,DEPLOY,0.02199769699926346,0.02199769699926346,0.0,0.02199769699926346,0.02199769699926346
887,B1,B1,B1,DEPLOY,0.0,0.0,0.0,0.0,0.0
888,B1,GLOBAL,GLOBAL,DEPLOY,0.06135605925139587,0.0,0.0,0.06135605925139587,0.0
889,B1,LOCAL,HYBRID,LEARN_UCB,0.04118622500483793,0.009947190598237232,0.0,0.04118622500483793,0.009947190598237232
890,B1,B1,HYBRID,DEPLOY,0.08057918300707234,0.08057918300707234,0.0,0.08057918300707234,0.08057918300707234
891,B1,HYBRID,HYBRID,DEPLOY,0.0933141601632318,0.0,0.0,0.0933141601632318,0.0
892,B1,B1,B1,DEPLOY,0.0,0.0,0.0,0.0,0.0
893,B1,B1,HYBRID,DEPLOY,0.0840456546114503,0.0840456546114503,0.0,0.0840456546114503,0.0840456546114503
894,B1,B1,LOCAL,DEPLOY,0.025125122625793805,0.025125122625793805,0.0,0.025125122625793805,0.025125122625793805
895,B1,B1,B1,DEPLOY,0.0,0.0,0.0,0.0,0.0
896,B1,LOCAL,HYBRID,DEPLOY,0.023066655327497076,0.01783037466040649,0.0,0.023066655327497076,0.01783037466040649
897,B1,GLOBAL,GLOBAL,DEPLOY,0.0005342775625708507,0.06845353211704042,0.06845353211704042,-0.06791925455446957,0.0
898,B1,HYBRID,HYBRID,DEPLOY,0.09958205571430367,0.0,0.0,0.09958205571430367,0.0
899,B1,B1,LOCAL,DEPLOY,0.10693519601146184,0.10693519601146184,0.07972350267389838,0.02721169333756346,0.02721169333756346
900,B1,B1,B1,DEPLOY,0.0,0.0,0.0,0.0,0.0
901,B1,B1,LOCAL,DEPLOY,0.05292329758511194,0.05292329758511194,0.0,0.05292329758511194,0.05292329758511194
902,B1,B1,HYBRID,DEPLOY,0.06534126601856938,0.06534126601856938,0.0,0.06534126601856938,0.06534126601856938
903,B1,HYBRID,HYBRID,DEPLOY,0.1152764724050992,0.0,0.0,0.1152764724050992,0.0
904,B1,B1,B1,DEPLOY,0.0,0.0,0.0,0.0,0.0
905,B1,B1,HYBRID,DEPLOY,0.142852732521062,0.142852732521062,0.0,0.142852732521062,0.142852732521062
906,B1,B1,LOCAL,DEPLOY,0.0027552842746267903,0.0027552842746267903,0.06757688090660996,-0.06482159663198317,-0.06482159663198317
907,B1,B1,LOCAL,DEPLOY,0.044682555923958645,0.044682555923958645,0.0,0.044682555923958645,0.044682555923958645
908,B1,B1,HYBRID,DEPLOY,0.09219746039429955,0.09219746039429955,0.0,0.09219746039429955,0.09219746039429955
909,B1,B1,B1,DEPLOY,0.0,0.0,0.0,0.0,0.0
910,B1,B1,LOCAL,DEPLOY,0.002806748013930771,0.002806748013930771,0.0,0.002806748013930771,0.002806748013930771
911,B1,B1,B1,DEPLOY,0.0,0.0,0.0,0.0,0.0
912,B1,B1,LOCAL,DEPLOY,0.0,0.0,0.05031257149861357,-0.05031257149861357,-0.05031257149861357
913,B1,B1,B1,DEPLOY,0.0,0.0,0.0,0.0,0.0
914,B1,B1,B1,DEPLOY,0.0,0.0,0.0,0.0,0.0
915,B1,B1,B1,DEPLOY,0.0,0.0,0.0,0.0,0.0
916,B1,B1,HYBRID,DEPLOY,0.055578303538872276,0.055578303538872276,0.0,0.055578303538872276,0.055578303538872276
917,B1,GLOBAL,GLOBAL,DEPLOY,0.048797498189998345,0.0,0.0,0.048797498189998345,0.0
918,B1,B1,B1,DEPLOY,0.0,0.0,0.0,0.0,0.0
919,B1,B1,HYBRID,DEPLOY,0.018605298770728917,0.018605298770728917,0.0,0.018605298770728917,0.018605298770728917
920,B1,LOCAL,HYBRID,LEARN_UCB,0.05657380508423393,0.08843014262074422,0.0,0.05657380508423393,0.08843014262074422
921,B1,B1,B1,DEPLOY,0.0,0.0,0.0,0.0,0.0
922,B1,B1,LOCAL,DEPLOY,0.0,0.0,0.04551211404882838,-0.04551211404882838,-0.04551211404882838
923,B1,B1,GLOBAL,DEPLOY,0.12468542666664917,0.12468542666664917,0.0,0.12468542666664917,0.12468542666664917
924,B1,LOCAL,HYBRID,DEPLOY,0.017847775061728632,0.0,0.01944262599652402,-0.0015948509347953888,-0.01944262599652402
925,B1,LOCAL,HYBRID,DEPLOY,0.03820149164503883,0.05800254706438113,0.0,0.03820149164503883,0.05800254706438113
926,B1,B1,HYBRID,DEPLOY,0.10777233900721128,0.10777233900721128,0.0,0.10777233900721128,0.10777233900721128
927,B1,HYBRID,HYBRID,DEPLOY,0.1090745442587504,0.0,0.0,0.1090745442587504,0.0
928,B1,B1,HYBRID,DEPLOY,0.11959893885069872,0.11959893885069872,0.0,0.11959893885069872,0.11959893885069872
929,B1,B1,LOCAL,DEPLOY,0.0,0.0,0.03173052276770327,-0.03173052276770327,-0.03173052276770327
930,B1,B1,HYBRID,DEPLOY,0.02764389962651026,0.02764389962651026,0.0,0.02764389962651026,0.02764389962651026
931,B1,B1,B1,DEPLOY,0.0,0.0,0.0,0.0,0.0
932,B1,B1,B1,DEPLOY,0.0,0.0,0.0,0.0,0.0
933,B1,B1,LOCAL,DEPLOY,0.014746337292672163,0.014746337292672163,0.034305375099631386,-0.019559037806959223,-0.019559037806959223
934,B1,LOCAL,HYBRID,DEPLOY,0.10410916392918146,0.0,0.03220645291825863,0.07190271101092283,-0.03220645291825863
935,B1,LOCAL,HYBRID,DEPLOY,0.07163731829667619,0.0,0.04498995353700996,0.026647364759666226,-0.04498995353700996
936,B1,B1,HYBRID,LEARN_UCB,0.11245817851094742,0.11245817851094742,0.0,0.11245817851094742,0.11245817851094742
937,B1,B1,B1,DEPLOY,0.0,0.0,0.0,0.0,0.0
938,B1,HYBRID,HYBRID,DEPLOY,0.0842218726943732,0.0,0.0,0.0842218726943732,0.0
939,B1,B1,B1,DEPLOY,0.0,0.0,0.0,0.0,0.0
940,B1,B1,B1,DEPLOY,0.0,0.0,0.0,0.0,0.0
941,B1,B1,B1,DEPLOY,0.0,0.0,0.0,0.0,0.0
942,B1,HYBRID,HYBRID,DEPLOY,0.06727271787802047,0.0,0.0,0.06727271787802047,0.0
943,B1,HYBRID,HYBRID,DEPLOY,0.05074152238667895,0.0,0.0,0.05074152238667895,0.0
944,B1,HYBRID,HYBRID,LEARN_UCB,0.07458446827893417,0.0,0.0,0.07458446827893417,0.0
945,B1,B1,LOCAL,DEPLOY,0.08028086664148038,0.08028086664148038,0.0,0.08028086664148038,0.08028086664148038
946,B1,B1,B1,DEPLOY,0.0,0.0,0.0,0.0,0.0
947,B1,B1,HYBRID,DEPLOY,0.1165673299531157,0.1165673299531157,0.0,0.1165673299531157,0.1165673299531157
948,B1,HYBRID,HYBRID,DEPLOY,0.07118434767039905,0.0,0.0,0.07118434767039905,0.0
949,B1,B1,HYBRID,DEPLOY,0.015340783255318846,0.015340783255318846,0.0,0.015340783255318846,0.015340783255318846
950,B1,B1,B1,DEPLOY,0.015248502522959395,0.015248502522959395,0.015248502522959395,0.0,0.0
951,B1,B1,B1,DEPLOY,0.0,0.0,0.0,0.0,0.0
952,B1,B1,B1,DEPLOY,0.0,0.0,0.0,0.0,0.0
953,B1,B1,B1,DEPLOY,0.0,0.0,0.0,0.0,0.0
954,B1,B1,LOCAL,DEPLOY,0.03351934555550151,0.03351934555550151,0.11029274269892742,-0.0767733971434259,-0.0767733971434259
955,B1,HYBRID,HYBRID,DEPLOY,0.11160203390143719,0.0,0.0,0.11160203390143719,0.0
956,B1,B1,B1,DEPLOY,0.0,0.0,0.0,0.0,0.0
957,B1,B1,B1,DEPLOY,0.0,0.0,0.0,0.0,0.0
958,B1,B1,HYBRID,DEPLOY,0.09909655281368346,0.09909655281368346,0.0,0.09909655281368346,0.09909655281368346
959,B1,LOCAL,HYBRID,DEPLOY,0.08190049746226868,0.11409170628139209,0.0,0.08190049746226868,0.11409170628139209
960,B1,B1,HYBRID,DEPLOY,0.07384229639937212,0.07384229639937212,0.0,0.07384229639937212,0.07384229639937212
961,B1,B1,LOCAL,DEPLOY,0.13480062170850038,0.13480062170850038,0.0,0.13480062170850038,0.13480062170850038
962,B1,B1,HYBRID,DEPLOY,0.06964056903394367,0.06964056903394367,0.0,0.06964056903394367,0.06964056903394367
963,B1,B1,B1,DEPLOY,0.0,0.0,0.0,0.0,0.0
964,B1,B1,GLOBAL,DEPLOY,0.128348906413549,0.128348906413549,0.0,0.128348906413549,0.128348906413549
965,B1,B1,B1,LEARN_UCB,0.010224864249222199,0.010224864249222199,0.010224864249222199,0.0,0.0
966,B1,B1,B1,DEPLOY,0.0,0.0,0.0,0.0,0.0
967,B1,B1,B1,DEPLOY,0.0,0.0,0.0,0.0,0.0
968,B1,B1,LOCAL,DEPLOY,0.04650421342424049,0.04650421342424049,0.06116070650366745,-0.014656493079426958,-0.014656493079426958
969,B1,B1,B1,DEPLOY,0.00026493538651650717,0.00026493538651650717,0.00026493538651650717,0.0,0.0
970,B1,B1,B1,DEPLOY,0.008113403369249705,0.008113403369249705,0.008113403369249705,0.0,0.0
971,B1,B1,LOCAL,LEARN_UCB,0.07642224759329452,0.07642224759329452,0.0,0.07642224759329452,0.07642224759329452
972,B1,LOCAL,HYBRID,LEARN_UCB,0.11560100679333074,0.08502876901086753,0.0,0.11560100679333074,0.08502876901086753
973,B1,B1,LOCAL,DEPLOY,0.07894252211931452,0.07894252211931452,0.0,0.07894252211931452,0.07894252211931452
974,B1,B1,B1,DEPLOY,0.008777446145451728,0.008777446145451728,0.008777446145451728,0.0,0.0
975,B1,HYBRID,HYBRID,DEPLOY,0.12086225590773336,0.0,0.0,0.12086225590773336,0.0
976,B1,B1,HYBRID,DEPLOY,0.10953572784318144,0.10953572784318144,0.0,0.10953572784318144,0.10953572784318144
977,B1,B1,B1,DEPLOY,0.0,0.0,0.0,0.0,0.0
978,B1,B1,HYBRID,DEPLOY,0.04308682782484008,0.04308682782484008,0.0,0.04308682782484008,0.04308682782484008
979,B1,B1,B1,DEPLOY,0.0,0.0,0.0,0.0,0.0
980,B1,B1,HYBRID,DEPLOY,0.07350197965488348,0.07350197965488348,0.0,0.07350197965488348,0.07350197965488348
981,B1,B1,HYBRID,DEPLOY,0.14083395126288045,0.14083395126288045,0.0,0.14083395126288045,0.14083395126288045
982,B1,B1,B1,DEPLOY,0.0,0.0,0.0,0.0,0.0
983,B1,B1,B1,DEPLOY,0.0,0.0,0.0,0.0,0.0
984,B1,LOCAL,HYBRID,DEPLOY,0.06376044582018414,0.0,0.017658163789480152,0.04610228203070399,-0.017658163789480152
985,B1,B1,HYBRID,DEPLOY,0.06886388280438449,0.06886388280438449,0.0,0.06886388280438449,0.06886388280438449
986,B1,B1,B1,DEPLOY,0.0,0.0,0.0,0.0,0.0
987,B1,LOCAL,HYBRID,DEPLOY,0.07347456161102617,0.07774785368140646,0.0,0.07347456161102617,0.07774785368140646
988,B1,B1,B1,DEPLOY,0.00038452793361931636,0.00038452793361931636,0.00038452793361931636,0.0,0.0
989,B1,B1,GLOBAL,DEPLOY,0.02660366366451805,0.02660366366451805,0.06754174101769428,-0.04093807735317623,-0.04093807735317623
990,B1,B1,B1,DEPLOY,0.0,0.0,0.0,0.0,0.0
991,B1,B1,HYBRID,LEARN_UCB,0.10219280022530663,0.10219280022530663,0.0,0.10219280022530663,0.10219280022530663
992,B1,HYBRID,HYBRID,LEARN_UCB,0.11547518556065006,0.0,0.0,0.11547518556065006,0.0
993,B1,B1,B1,DEPLOY,0.0,0.0,0.0,0.0,0.0
994,B1,HYBRID,HYBRID,DEPLOY,0.044796477738932916,0.0,0.0,0.044796477738932916,0.0
995,B1,B1,B1,DEPLOY,0.0,0.0,0.0,0.0,0.0
996,B1,B1,B1,DEPLOY,0.0,0.0,0.0,0.0,0.0
997,B1,GLOBAL,GLOBAL,DEPLOY,0.016788783033079513,0.013747871996108496,0.013747871996108496,0.003040911036971017,0.0
998,B1,B1,B1,DEPLOY,0.0,0.0,0.0,0.0,0.0
999,B1,B1,GLOBAL,DEPLOY,0.08428843602665081,0.08428843602665081,0.0,0.08428843602665081,0.08428843602665081
