t,shifted,generation,policy,mode,trusted,reward,regret_v02,regret_b1,adv_v02_vs_b1
0,0,0,B1,DEPLOY,1,0.8014756292579469,0.04267011723790859,0.04267011723790859,0.0
1,0,0,HYBRID,DEPLOY,1,0.8851735055217829,0.0,0.06117747148754049,0.06117747148754049
2,0,0,HYBRID,DEPLOY,1,0.9142236792295702,0.0,0.028929081337848106,0.028929081337848106
3,0,0,LOCAL,DEPLOY,1,0.8064360122802443,0.04071458094197555,0.09240049817937401,0.05168591723739846
4,0,0,GLOBAL,DEPLOY,1,0.9029821403083693,0.05765259891664898,0.07950006025873968,0.0218474613420907
5,0,0,LOCAL,DEPLOY,1,0.9069384573838563,0.0,0.0886118152741997,0.0886118152741997
6,0,0,B1,DEPLOY,1,0.7566017593345167,0.0,0.0,0.0
7,0,0,HYBRID,DEPLOY,1,0.9972595104679377,0.0,0.09428807541825523,0.09428807541825523
8,0,0,HYBRID,DEPLOY,1,0.9460123612124794,0.0,0.07361935945142195,0.07361935945142195
9,0,0,B1,DEPLOY,1,0.9121370524520562,0.0,0.0,0.0
10,0,0,HYBRID,DEPLOY,1,0.949185847498953,0.0,0.08455119984969295,0.08455119984969295
11,0,0,B1,DEPLOY,1,0.8742004287041975,0.0,0.0,0.0
12,0,0,HYBRID,DEPLOY,1,0.8616056495650549,0.0,0.09737111560545086,0.09737111560545086
13,0,0,HYBRID,DEPLOY,1,0.9788814036595701,0.0,0.07732071845799227,0.07732071845799227
14,0,0,B1,DEPLOY,1,0.8200873385835216,0.0,0.0,0.0
15,0,0,GLOBAL,DEPLOY,1,0.7833615249870676,0.022624315763404734,0.02529785229021586,0.0026735365268111266
16,0,0,B1,DEPLOY,1,0.8037165411735793,0.0,0.0,0.0
17,0,0,HYBRID,DEPLOY,1,0.9665637175404197,0.0,0.11803052522590607,0.11803052522590607
18,0,0,B1,DEPLOY,1,0.8563812988276036,0.0,0.0,0.0
19,0,0,HYBRID,DEPLOY,1,0.9603936024980514,0.0,0.08641418016783897,0.08641418016783897
20,0,0,HYBRID,DEPLOY,1,0.8978899044883144,0.0,0.03347531666776837,0.03347531666776837
21,0,0,B1,DEPLOY,1,0.8671322626982598,0.0,0.0,0.0
22,0,0,GLOBAL,DEPLOY,1,0.9309737681612473,0.0,0.09751838173442484,0.09751838173442484
23,0,0,B1,DEPLOY,1,0.9149390855034962,0.0,0.0,0.0
24,0,0,HYBRID,DEPLOY,1,0.8778784688397903,0.0,0.032232178747923834,0.032232178747923834
25,0,0,HYBRID,DEPLOY,1,1.0,0.0,0.10927897988351976,0.10927897988351976
26,0,0,B1,DEPLOY,1,0.896926746666106,0.0,0.0,0.0
27,0,0,HYBRID,DEPLOY,1,0.9240056740081946,0.0,0.10771900676631707,0.10771900676631707
28,0,0,B1,DEPLOY,1,0.8133737976524709,0.0,0.0,0.0
29,0,0,LOCAL,DEPLOY,1,0.7426662901236931,0.04103958185993617,0.0,-0.04103958185993617
30,0,0,HYBRID,DEPLOY,1,1.0,0.0,0.14534821251024832,0.14534821251024832
31,0,0,B1,DEPLOY,1,0.8751820506179455,0.0,0.0,0.0
32,0,0,HYBRID,DEPLOY,1,1.0,0.0,0.13526126529494187,0.13526126529494187
33,0,0,HYBRID,DEPLOY,1,0.9221940212146459,0.0,0.08293302721224627,0.08293302721224627
34,0,0,HYBRID,DEPLOY,1,0.8934088832591116,0.043952639766071666,0.09011710531523465,0.04616446554916298
35,0,0,B1,DEPLOY,1,0.8544757142381304,0.0,0.0,0.0
36,0,0,B1,DEPLOY,1,0.9456162492737095,0.0,0.0,0.0
37,0,0,LOCAL,DEPLOY,1,0.8765696780209066,0.0,0.044364850633213826,0.044364850633213826
38,0,0,B1,DEPLOY,1,0.7968629983679011,0.0,0.0,0.0
39,0,0,HYBRID,DEPLOY,1,0.8923935387541165,0.0,0.0609567202127026,0.0609567202127026
40,0,0,HYBRID,DEPLOY,1,0.8647931217852531,0.0,0.09308904820150088,0.09308904820150088
41,0,0,LOCAL,DEPLOY,1,0.8251409701808808,0.0,0.02074491474654916,0.02074491474654916
42,0,0,LOCAL,DEPLOY,1,0.923551787756541,0.0,0.07400694131868435,0.07400694131868435
43,0,0,HYBRID,DEPLOY,1,0.9703852001532492,0.0,0.08924407023270986,0.08924407023270986
44,0,0,HYBRID,DEPLOY,1,0.8563881713897209,0.03781729914314569,0.06887362200905878,0.03105632286591309
45,0,0,B1,DEPLOY,1,0.9029610600873421,0.0,0.0,0.0
46,0,0,LOCAL,DEPLOY,1,0.8115422440198357,0.013247911664859835,0.0,-0.013247911664859835
47,0,0,LOCAL,DEPLOY,1,0.8903302511153126,0.0,0.09920023184938576,0.09920023184938576
48,0,0,B1,DEPLOY,1,0.9215600813643877,0.0,0.0,0.0
49,0,0,B1,DEPLOY,1,0.8626654324701675,0.0,0.0,0.0
50,0,0,HYBRID,DEPLOY,1,0.9001209759306623,0.0,0.056614546789633846,0.056614546789633846
51,0,0,HYBRID,DEPLOY,1,0.8848627628147201,0.0,0.07296076336991109,0.07296076336991109
52,0,0,GLOBAL,DEPLOY,1,0.8254591629146086,0.0,0.046353600974327724,0.046353600974327724
53,0,0,LOCAL,DEPLOY,1,0.8399067260319171,0.018359062393793257,0.0,-0.018359062393793257
54,0,0,LOCAL,DEPLOY,1,0.7730199680243224,0.023822509400976855,0.0,-0.023822509400976855
55,0,0,HYBRID,DEPLOY,1,0.9987337140824756,0.0,0.1318692932853751,0.1318692932853751
56,0,0,B1,DEPLOY,1,0.8329869777492013,0.0,0.0,0.0
57,0,0,B1,DEPLOY,1,0.825499401611294,0.0,0.0,0.0
58,0,0,GLOBAL,DEPLOY,1,0.8383216660580991,0.020027638095834188,0.01780933810296592,-0.0022182999928682667
59,0,0,GLOBAL,DEPLOY,1,0.8681580267899123,0.004396346052866873,0.0749105835127315,0.07051423745986463
60,0,0,B1,DEPLOY,1,0.8560367708926212,0.0,0.0,0.0
61,0,0,B1,DEPLOY,1,0.8944092741317304,0.0,0.0,0.0
62,0,0,HYBRID,DEPLOY,1,0.8823479179983383,0.0,0.04425641259523205,0.04425641259523205
63,0,0,HYBRID,DEPLOY,1,0.9194187675211377,0.0,0.06112852521242529,0.06112852521242529
64,0,0,HYBRID,DEPLOY,1,0.8594835228824602,0.0,0.06391670073812716,0.06391670073812716
65,0,0,HYBRID,DEPLOY,1,0.9667708832837537,0.0,0.1285572480070022,0.1285572480070022
66,0,0,HYBRID,DEPLOY,1,0.9392036791201126,0.0,0.11668852090450332,0.11668852090450332
67,0,0,GLOBAL,LEARN_UCB,1,0.838711485037711,0.0,0.05845358536562417,0.05845358536562417
68,0,0,LOCAL,DEPLOY,1,0.8673866009453157,0.0,0.0483033876937643,0.0483033876937643
69,0,0,LOCAL,DEPLOY,1,0.8917843428739497,0.0,0.10833792826770794,0.10833792826770794
70,0,0,HYBRID,DEPLOY,1,1.0,0.0,0.13244805215302957,0.13244805215302957
71,0,0,HYBRID,DEPLOY,1,0.9681598136167351,0.0,0.07356181898365144,0.07356181898365144
72,0,0,B1,DEPLOY,1,0.8456740456687305,0.0,0.0,0.0
73,0,0,HYBRID,DEPLOY,1,0.8518521651243218,0.0,0.10071598513418101,0.10071598513418101
74,0,0,B1,DEPLOY,1,0.8005644992472449,0.0,0.0,0.0
75,0,0,LOCAL,DEPLOY,1,0.8197387802716967,0.08863695532920923,0.04367607473558366,-0.044960880593625574
76,0,0,LOCAL,DEPLOY,1,0.818496519405222,0.0,0.032451675656362755,0.032451675656362755
77,0,0,B1,DEPLOY,1,0.8427544393388016,0.0,0.0,0.0
78,0,0,B1,DEPLOY,1,0.8090820716400281,0.0,0.0,0.0
79,0,0,LOCAL,DEPLOY,1,0.876590619315785,0.0,0.10053109083187273,0.10053109083187273
80,0,0,B1,DEPLOY,1,0.8264690763600835,0.0,0.0,0.0
81,0,0,GLOBAL,DEPLOY,1,0.8495361747251082,0.0015088335332292813,0.056388405430246036,0.054879571897016755
82,0,0,GLOBAL,DEPLOY,1,0.8951768761396579,0.0,0.04541235505491681,0.04541235505491681
83,0,0,B1,DEPLOY,1,0.8627610216753662,0.0,0.0,0.0
84,0,0,HYBRID,DEPLOY,1,0.8932207777964606,0.0,0.01619487475792325,0.01619487475792325
85,0,0,HYBRID,DEPLOY,1,0.9371950035512696,0.0,0.12202413351125851,0.12202413351125851
86,0,0,GLOBAL,DEPLOY,1,0.8581526057854516,0.06903115069898691,0.049848557476034894,-0.019182593222952016
87,0,0,HYBRID,DEPLOY,1,0.8801291391100858,0.0,0.07058972241830952,0.07058972241830952
88,0,0,HYBRID,DEPLOY,1,0.9760413738674393,0.0,0.12129585291011502,0.12129585291011502
89,0,0,B1,DEPLOY,1,0.8091241120953274,0.0,0.0,0.0
90,0,0,LOCAL,DEPLOY,1,0.8992170181036656,0.03359617410611082,0.06424078791033139,0.030644613804220566
91,0,0,B1,DEPLOY,1,0.80449884795825,0.0,0.0,0.0
92,0,0,GLOBAL,DEPLOY,1,0.8504566510116052,0.010516797626005658,0.019480662470398702,0.008963864844393044
93,0,0,B1,DEPLOY,1,0.8955605911577846,0.0,0.0,0.0
94,0,0,HYBRID,DEPLOY,1,1.0,0.0,0.12969817117774152,0.12969817117774152
95,0,0,HYBRID,DEPLOY,1,1.0,0.0,0.07393812979713366,0.07393812979713366
96,0,0,LOCAL,DEPLOY,1,0.7675517980824099,0.055209379821958726,0.01175125436236657,-0.043458125459592156
97,0,0,HYBRID,DEPLOY,1,0.9057305116042903,0.0,0.06110754616536174,0.06110754616536174
98,0,0,B1,DEPLOY,1,0.7873608071467485,0.02852811221387208,0.02852811221387208,0.0
99,0,0,HYBRID,DEPLOY,1,0.9647621695686207,0.0,0.09796575394786389,0.09796575394786389
100,0,0,HYBRID,DEPLOY,1,0.8606581076770108,0.0,0.08934832756721045,0.08934832756721045
101,0,0,GLOBAL,DEPLOY,1,0.8935326108813494,0.0,0.11931105472993453,0.11931105472993453
102,0,0,B1,DEPLOY,1,0.7184365665350092,0.06676224353039173,0.06676224353039173,0.0
103,0,0,GLOBAL,DEPLOY,1,0.843285803940521,0.0,0.10691019134268265,0.10691019134268265
104,0,0,HYBRID,DEPLOY,1,0.8779517592192402,0.0,0.043009404333360424,0.043009404333360424
105,0,0,HYBRID,DEPLOY,1,0.9294230300567634,0.0,0.021670877193824545,0.021670877193824545
106,0,0,GLOBAL,DEPLOY,1,0.8786009228668453,0.0,0.11325556371195522,0.11325556371195522
107,0,0,HYBRID,DEPLOY,1,0.9432390239721503,0.0,0.05673072270660762,0.05673072270660762
108,0,0,B1,LEARN_UCB,1,0.8167342294541603,0.0,0.0,0.0
109,0,0,B1,DEPLOY,1,0.8869364373747158,0.0,0.0,0.0
110,0,0,LOCAL,DEPLOY,1,0.8895447222661028,0.0,0.1200688839258458,0.1200688839258458
111,0,0,HYBRID,DEPLOY,1,0.8809671948515198,0.0,0.08664190484856837,0.08664190484856837
112,0,0,LOCAL,DEPLOY,1,0.8088121893660368,0.02131811840874709,0.012081759189746633,-0.009236359219000456
113,0,0,HYBRID,DEPLOY,1,0.8777900823835342,0.0,0.097828810992025,0.097828810992025
114,0,0,HYBRID,DEPLOY,1,0.8233036184026057,0.0,0.015496506075581395,0.015496506075581395
115,0,0,HYBRID,DEPLOY,1,0.9728888698666235,0.0,0.0978876462345849,0.0978876462345849
116,0,0,B1,DEPLOY,1,0.834853007639113,0.0,0.0,0.0
117,0,0,GLOBAL,DEPLOY,1,0.8548264768800755,0.0,0.014379340259074058,0.014379340259074058
118,0,0,LOCAL,DEPLOY,1,0.8212904270356345,0.0,0.027370560162549795,0.027370560162549795
119,0,0,HYBRID,DEPLOY,1,0.882176397268456,0.0,0.05440591693843011,0.05440591693843011
120,0,0,B1,DEPLOY,1,0.8398853001500449,0.0021005221970287202,0.0021005221970287202,0.0
121,0,0,LOCAL,DEPLOY,1,0.817067649838564,0.0,0.02669676523867881,0.02669676523867881
122,0,0,HYBRID,DEPLOY,1,0.9170381798280511,0.0,0.04663633604415851,0.04663633604415851
123,0,0,HYBRID,DEPLOY,1,0.8964945454317886,0.0,0.06155137520336984,0.06155137520336984
124,0,0,LOCAL,DEPLOY,1,0.8618827366261351,0.0,0.020385075629221205,0.020385075629221205
125,0,0,HYBRID,DEPLOY,1,1.0,0.0,0.1036952541638042,0.1036952541638042
126,0,0,B1,DEPLOY,1,0.8416814087867107,0.0019594432442606724,0.0019594432442606724,0.0
127,0,0,HYBRID,DEPLOY,1,0.978835930957665,0.0,0.06483379145930512,0.06483379145930512
128,0,0,GLOBAL,DEPLOY,1,0.810312846926322,0.06685424680159768,0.05342735482148553,-0.013426891980112154
129,0,0,HYBRID,DEPLOY,1,0.974697800526776,0.0,0.12648147941200238,0.12648147941200238
130,0,0,B1,DEPLOY,1,0.8516491469846988,0.0,0.0,0.0
131,0,0,LOCAL,DEPLOY,1,0.9187070944336797,0.0,0.09278594926677464,0.09278594926677464
132,0,0,HYBRID,DEPLOY,1,0.9351125688463253,0.0,0.0695820152995924,0.0695820152995924
133,0,0,HYBRID,DEPLOY,1,0.8636109206987284,0.0,0.1125427637703994,0.1125427637703994
134,0,0,GLOBAL,DEPLOY,1,0.8301997754779628,0.0,0.07468197848922431,0.07468197848922431
135,0,0,B1,LEARN_UCB,1,0.7978807551076328,0.0,0.0,0.0
136,0,0,GLOBAL,DEPLOY,1,0.9550105535328131,0.0,0.12008219987472935,0.12008219987472935
137,0,0,HYBRID,DEPLOY,1,0.993124510840611,0.0,0.14595077836990156,0.14595077836990156
138,0,0,HYBRID,DEPLOY,1,1.0,0.0,0.0964497423386087,0.0964497423386087
139,0,0,GLOBAL,DEPLOY,1,0.8445966614031948,0.0,0.04780257701418922,0.04780257701418922
140,0,0,B1,DEPLOY,1,0.8531241356686717,0.0,0.0,0.0
141,0,0,HYBRID,DEPLOY,1,1.0,0.0,0.08922732050611071,0.08922732050611071
142,0,0,B1,DEPLOY,1,0.8366184702398315,0.0,0.0,0.0
143,0,0,GLOBAL,DEPLOY,1,0.8216526255692779,0.05470962188166317,0.032778751814691476,-0.021930870066971697
144,0,0,HYBRID,DEPLOY,1,0.9950657137446818,0.0,0.12836434110741357,0.12836434110741357
145,0,0,GLOBAL,DEPLOY,1,0.8284770391312172,0.0,0.0794391597006826,0.0794391597006826
146,0,0,GLOBAL,DEPLOY,1,0.852779715819961,0.0,0.03904024955152219,0.03904024955152219
147,0,0,GLOBAL,DEPLOY,1,0.8758504569457736,0.0,0.13112569703761012,0.13112569703761012
148,0,0,B1,DEPLOY,1,0.897840108680988,0.0,0.0,0.0
149,0,0,HYBRID,DEPLOY,1,0.901308415218871,0.0,0.08003754160227472,0.08003754160227472
150,0,0,B1,DEPLOY,1,0.8610885707431168,0.0,0.0,0.0
151,0,0,HYBRID,DEPLOY,1,0.8797255835446453,0.0,0.037065353361945164,0.037065353361945164
152,0,0,HYBRID,DEPLOY,1,0.921177621109801,0.0,0.04987331041667631,0.04987331041667631
153,0,0,HYBRID,DEPLOY,1,0.8727659292088845,0.0,0.07877690185556241,0.07877690185556241
154,0,0,HYBRID,DEPLOY,1,0.8450138805238527,0.0,0.04644714007036921,0.04644714007036921
155,0,0,HYBRID,DEPLOY,1,0.8436314218232696,0.0,0.009655211370518613,0.009655211370518613
156,0,0,HYBRID,DEPLOY,1,1.0,0.0,0.1259402155743481,0.1259402155743481
157,0,0,B1,DEPLOY,1,0.868776326113782,0.0,0.0,0.0
158,0,0,HYBRID,DEPLOY,1,0.931608693561609,0.0,0.06302669531691729,0.06302669531691729
159,0,0,HYBRID,DEPLOY,1,0.936777492819887,0.0,0.04000896749595095,0.04000896749595095
160,0,0,LOCAL,DEPLOY,1,0.8544477891737954,0.0022257551056119596,0.06484125521162287,0.06261550010601091
161,0,0,HYBRID,DEPLOY,1,0.8585545310580519,0.0,0.10881268931964383,0.10881268931964383
162,0,0,B1,DEPLOY,1,0.8157317416048778,0.0,0.0,0.0
163,0,0,LOCAL,DEPLOY,1,0.8970471913176961,0.0,0.08086282908820341,0.08086282908820341
164,0,0,B1,LEARN_UCB,1,0.8601119622060749,0.0,0.0,0.0
165,0,0,HYBRID,DEPLOY,1,0.9115395912023888,0.0,0.022979616145112236,0.022979616145112236
166,0,0,HYBRID,DEPLOY,1,0.9595338534875877,0.0,0.12200935902933419,0.12200935902933419
167,0,0,HYBRID,DEPLOY,1,0.9016423890890648,0.0,0.06140138217388036,0.06140138217388036
168,0,0,B1,DEPLOY,1,0.7882140659668285,0.01507171273052832,0.01507171273052832,0.0
169,0,0,HYBRID,DEPLOY,1,0.9197697590920334,0.0,0.08833198474440807,0.08833198474440807
170,0,0,HYBRID,DEPLOY,1,0.8800539837511676,0.0,0.0533216806906881,0.0533216806906881
171,0,0,LOCAL,DEPLOY,1,0.8961245677524202,0.025379009165947597,0.08441098809054393,0.05903197892459633
172,0,0,B1,DEPLOY,1,0.851987198488483,0.0,0.0,0.0
173,0,0,B1,DEPLOY,1,0.8836722322111656,0.0,0.0,0.0
174,0,0,B1,DEPLOY,1,0.8865174349138523,0.0,0.0,0.0
175,0,0,B1,DEPLOY,1,0.7979318251760755,0.0,0.0,0.0
176,0,0,HYBRID,DEPLOY,1,1.0,0.0,0.09666091079233086,0.09666091079233086
177,0,0,HYBRID,DEPLOY,1,0.9248881963519294,0.0,0.10030116481521412,0.10030116481521412
178,0,0,HYBRID,DEPLOY,1,1.0,0.0,0.11118367894668779,0.11118367894668779
179,0,0,B1,DEPLOY,1,0.8455671213843474,0.0,0.0,0.0
180,0,0,HYBRID,DEPLOY,1,0.9458147027634614,0.0,0.09774264803281463,0.09774264803281463
181,0,0,LOCAL,DEPLOY,1,0.8093043977615636,0.0,0.028846408178914373,0.028846408178914373
182,0,0,GLOBAL,DEPLOY,1,0.8972641862163092,0.06177819505252735,0.06284934793351693,0.0010711528809895787
183,0,0,B1,DEPLOY,1,0.864236095941522,0.0,0.0,0.0
184,0,0,HYBRID,DEPLOY,1,0.9461176501430508,0.0,0.08619272546025492,0.08619272546025492
185,0,0,LOCAL,DEPLOY,1,0.8932869863423504,0.0,0.047602999656064626,0.047602999656064626
186,0,0,LOCAL,DEPLOY,1,0.8857752567986034,0.0,0.04665685064503233,0.04665685064503233
187,0,0,HYBRID,DEPLOY,1,0.8509229911374679,0.0,0.01996863066762966,0.01996863066762966
188,0,0,HYBRID,DEPLOY,1,0.9688145729204233,0.0,0.11400580794069404,0.11400580794069404
189,0,0,HYBRID,DEPLOY,1,0.9823848618740466,0.0,0.13155589196512962,0.13155589196512962
190,0,0,LOCAL,DEPLOY,1,0.8170848595435181,0.0,0.012124801642972138,0.012124801642972138
191,0,0,HYBRID,DEPLOY,1,1.0,0.0,0.08339338963215592,0.08339338963215592
192,0,0,HYBRID,DEPLOY,1,0.9222314989571504,0.0,0.13887838862983926,0.13887838862983926
193,0,0,HYBRID,DEPLOY,1,0.8561663579671813,0.0,0.06695719095927144,0.06695719095927144
194,0,0,GLOBAL,DEPLOY,1,0.8822325379613174,0.0,0.028186343778272782,0.028186343778272782
195,0,0,LOCAL,DEPLOY,1,0.8794359162930032,0.0,0.049986833787119433,0.049986833787119433
196,0,0,HYBRID,DEPLOY,1,0.9146305903103641,0.0,0.09010195633870077,0.09010195633870077
197,0,0,GLOBAL,DEPLOY,1,0.9034234987626164,0.08330416596576906,0.10646384125304131,0.023159675287272252
198,0,0,HYBRID,DEPLOY,1,0.8721781397549816,0.0,0.06142627606776063,0.06142627606776063
199,0,0,GLOBAL,DEPLOY,1,0.788127889886718,0.0,0.07379522344296274,0.07379522344296274
200,0,0,B1,DEPLOY,1,0.8999828968167856,0.0,0.0,0.0
201,0,0,HYBRID,LEARN_UCB,1,0.9210127819273135,0.0,0.06913481537470179,0.06913481537470179
202,0,0,B1,DEPLOY,1,0.848010711691843,0.0,0.0,0.0
203,0,0,B1,DEPLOY,1,0.7669269749589259,0.01930292982163606,0.01930292982163606,0.0
204,0,0,HYBRID,DEPLOY,1,0.9661377213896533,0.0,0.09640946632518643,0.09640946632518643
205,0,0,B1,DEPLOY,1,0.8502737550300116,0.0,0.0,0.0
206,0,0,HYBRID,DEPLOY,1,0.9109093534547362,0.0,0.058416053324940265,0.058416053324940265
207,0,0,LOCAL,DEPLOY,1,0.8601920523563198,0.0,0.013999622352977914,0.013999622352977914
208,0,0,GLOBAL,DEPLOY,1,0.8194419675393654,0.03950529506430289,0.05994438727116136,0.020439092206858467
209,0,0,HYBRID,DEPLOY,1,0.854169645261064,0.0,0.014938976879305677,0.014938976879305677
210,0,0,B1,DEPLOY,1,0.8478181937985587,0.0,0.0,0.0
211,0,0,B1,DEPLOY,1,0.8404612696775079,0.0,0.0,0.0
212,0,0,B1,DEPLOY,1,0.8071835916626307,0.0,0.0,0.0
213,0,0,LOCAL,DEPLOY,1,0.817845514593657,0.0,0.010552798506011984,0.010552798506011984
214,0,0,HYBRID,DEPLOY,1,0.8773319894762022,0.0,0.06398411736683718,0.06398411736683718
215,0,0,HYBRID,DEPLOY,1,0.991136608363724,0.0,0.06566242501918829,0.06566242501918829
216,0,0,B1,DEPLOY,1,0.8222932329377945,0.0,0.0,0.0
217,0,0,GLOBAL,DEPLOY,1,0.771014312984356,0.0,0.04900852411683421,0.04900852411683421
218,0,0,GLOBAL,DEPLOY,1,0.8260809174590106,0.021498777998415708,0.011713754315455072,-0.009785023682960636
219,0,0,B1,DEPLOY,1,0.7849794123280172,0.0,0.0,0.0
220,0,0,LOCAL,DEPLOY,1,0.8218009162532995,0.011986390803207403,0.04257598797472195,0.03058959717151455
221,0,0,HYBRID,DEPLOY,1,1.0,0.0,0.12305218682088093,0.12305218682088093
222,0,0,B1,DEPLOY,1,0.844834456248942,0.0,0.0,0.0
223,0,0,LOCAL,DEPLOY,1,0.8731781022788911,0.0,0.11320660279041628,0.11320660279041628
224,0,0,B1,DEPLOY,1,0.8518925627141938,0.0,0.0,0.0
225,0,0,B1,DEPLOY,1,0.8779858949255079,0.0,0.0,0.0
226,0,0,HYBRID,LEARN_UCB,1,0.9715548354966881,0.0,0.12245096514156817,0.12245096514156817
227,0,0,HYBRID,DEPLOY,1,1.0,0.0,0.13038012293697132,0.13038012293697132
228,0,0,HYBRID,DEPLOY,1,0.9215255575913255,0.0,0.14037212657321607,0.14037212657321607
229,0,0,HYBRID,DEPLOY,1,0.8886428501465773,0.0,0.0732525389045221,0.0732525389045221
230,0,0,B1,DEPLOY,1,0.8900416531145106,0.0,0.0,0.0
231,0,0,GLOBAL,DEPLOY,1,0.874497899974773,0.02389385636449204,0.02800391850592543,0.0041100621414333904
232,0,0,HYBRID,DEPLOY,1,0.8893591148557481,0.0,0.05919766225577683,0.05919766225577683
233,0,0,GLOBAL,DEPLOY,1,0.83622617514966,0.0026911963806687256,0.021889479102694787,0.01919828272202606
234,0,0,HYBRID,DEPLOY,1,0.858433233220314,0.0,0.07782492738991309,0.07782492738991309
235,0,0,LOCAL,DEPLOY,1,0.8822815742295821,0.013346364674774014,0.0803327226583207,0.06698635798354668
236,0,0,HYBRID,DEPLOY,1,0.9675086844525597,0.0,0.07811777173874912,0.07811777173874912
237,0,0,B1,DEPLOY,1,0.873701874911455,0.0,0.0,0.0
238,0,0,HYBRID,DEPLOY,1,0.9935097965615616,0.0,0.12587646851763945,0.12587646851763945
239,0,0,B1,DEPLOY,1,0.8183598053263881,0.0,0.0,0.0
240,0,0,B1,DEPLOY,1,0.8082990466349591,0.012738884230989234,0.012738884230989234,0.0
241,0,0,GLOBAL,DEPLOY,1,0.7745304135318928,0.08859973111945452,0.024614211115523754,-0.06398552000393076
242,0,0,HYBRID,DEPLOY,1,0.8957674347447118,0.02254205222697636,0.10798092924106917,0.0854388770140928
243,0,0,B1,DEPLOY,1,0.7725123861643444,0.0,0.0,0.0
244,0,0,HYBRID,DEPLOY,1,0.8743391271879474,0.0,0.027897416971103817,0.027897416971103817
245,0,0,HYBRID,DEPLOY,1,0.9559254326097885,0.0,0.11339083244957238,0.11339083244957238
246,0,0,B1,DEPLOY,1,0.8644729405469178,0.0,0.0,0.0
247,0,0,HYBRID,DEPLOY,1,0.9208946692346112,0.0,0.05968621691987719,0.05968621691987719
248,0,0,HYBRID,DEPLOY,1,0.8940714581259701,0.0,0.030952439107875596,0.030952439107875596
249,0,0,B1,DEPLOY,1,0.781352672116957,0.012207634793063082,0.012207634793063082,0.0
250,0,0,GLOBAL,DEPLOY,1,0.8180996559852161,0.0,0.05388714056121946,0.05388714056121946
251,0,0,HYBRID,DEPLOY,1,0.8488164981524713,0.0,0.06237628766657377,0.06237628766657377
252,0,0,HYBRID,DEPLOY,1,0.971544380148017,0.0,0.14325489300168193,0.14325489300168193
253,0,0,GLOBAL,DEPLOY,1,0.8354976058859259,0.033431746144669594,0.03633312965763136,0.0029013835129617638
254,0,0,HYBRID,DEPLOY,1,0.991058250018516,0.0,0.1299181969769302,0.1299181969769302
255,0,0,HYBRID,DEPLOY,1,0.9125835531760329,0.0,0.08419402720123181,0.08419402720123181
256,0,0,GLOBAL,DEPLOY,1,0.9647491325138596,0.0,0.10324104234413967,0.10324104234413967
257,0,0,B1,DEPLOY,1,0.8015888017197881,0.0,0.0,0.0
258,0,0,B1,DEPLOY,1,0.8408076509601957,0.0,0.0,0.0
259,0,0,HYBRID,DEPLOY,1,0.9537485517555164,0.0,0.08737524157770926,0.08737524157770926
260,0,0,HYBRID,DEPLOY,1,1.0,0.0,0.11974997814061616,0.11974997814061616
261,0,0,HYBRID,DEPLOY,1,1.0,0.0,0.06316712487605058,0.06316712487605058
262,0,0,HYBRID,DEPLOY,1,0.9607330376394964,0.0,0.08801212295598682,0.08801212295598682
263,0,0,HYBRID,DEPLOY,1,0.9167610153536861,0.0,0.045404475486259144,0.045404475486259144
264,0,0,GLOBAL,DEPLOY,1,0.9019814094629149,0.0,0.14332802112178078,0.14332802112178078
265,0,0,LOCAL,DEPLOY,1,0.8832254646025691,0.0,0.10797740862135541,0.10797740862135541
266,0,0,GLOBAL,DEPLOY,1,0.8732731393696147,0.0,0.1101319783965733,0.1101319783965733
267,0,0,LOCAL,DEPLOY,1,0.8838855662252524,0.037110406740263,0.09583458238275622,0.058724175642493215
268,0,0,GLOBAL,DEPLOY,1,0.928227977361558,0.09196132453402683,0.12517578701622822,0.03321446248220139
269,0,0,LOCAL,DEPLOY,1,0.760600047784708,0.09002191001437188,0.017256831119561,-0.07276507889481088
270,0,0,HYBRID,DEPLOY,1,0.9756672101420003,0.0,0.13161116226065828,0.13161116226065828
271,0,0,GLOBAL,DEPLOY,1,0.846230116017282,0.04301217263316526,0.09736122281352011,0.05434905018035485
272,0,0,B1,DEPLOY,1,0.8088365801900388,0.0,0.0,0.0
273,0,0,GLOBAL,DEPLOY,1,0.832636208448925,0.0,0.0702631106374314,0.0702631106374314
274,0,0,HYBRID,LEARN_UCB,1,0.8111786442859431,0.07277328483071832,0.06881527990597336,-0.003958004924744962
275,0,0,GLOBAL,DEPLOY,1,0.8330514870274678,0.02790299327632295,0.026918090345437018,-0.0009849029308859336
276,0,0,LOCAL,DEPLOY,1,0.7979673575337443,0.02145111594927529,0.045733656108872256,0.024282540159596966
277,0,0,HYBRID,DEPLOY,1,0.854959793872842,0.0,0.020636060677747592,0.020636060677747592
278,0,0,B1,DEPLOY,1,0.8768454696325937,0.0,0.0,0.0
279,0,0,B1,DEPLOY,1,0.8476097934914048,0.0,0.0,0.0
280,0,0,HYBRID,DEPLOY,1,0.9682044730752758,0.0,0.11876611477334753,0.11876611477334753
281,0,0,LOCAL,DEPLOY,1,0.8521734127401893,0.0,0.0324516933876422,0.0324516933876422
282,0,0,B1,DEPLOY,1,0.9026186146312621,0.0,0.0,0.0
283,0,0,HYBRID,DEPLOY,1,0.8596566485030589,0.039256605682635004,0.11395367601414774,0.07469707033151274
284,0,0,B1,DEPLOY,1,0.8622629431165089,0.0,0.0,0.0
285,0,0,HYBRID,DEPLOY,1,0.8516098499274509,0.0,0.030059979391058866,0.030059979391058866
286,0,0,LOCAL,DEPLOY,1,0.8408910409017665,0.0,0.05824684031372884,0.05824684031372884
287,0,0,B1,DEPLOY,1,0.7861357102045069,0.0,0.0,0.0
288,0,0,HYBRID,DEPLOY,1,0.8841852376227167,0.0,0.04847404269068356,0.04847404269068356
289,0,0,GLOBAL,DEPLOY,1,0.8967120004826798,0.0,0.07278381391330235,0.07278381391330235
290,0,0,HYBRID,DEPLOY,1,0.8879670063185335,0.0,0.08906548983945384,0.08906548983945384
291,0,0,HYBRID,DEPLOY,1,0.9718885043740085,0.0,0.13789235477328865,0.13789235477328865
292,0,0,HYBRID,DEPLOY,1,0.9302640065315619,0.016665511585276627,0.07627350098293906,0.05960798939766243
293,0,0,HYBRID,DEPLOY,1,1.0,0.0,0.11226511630100477,0.11226511630100477
294,0,0,B1,DEPLOY,1,0.8650528937765695,0.0,0.0,0.0
295,0,0,HYBRID,DEPLOY,1,0.8021200187814366,0.04841135732498503,0.07036306931906577,0.021951711994080747
296,0,0,GLOBAL,DEPLOY,1,0.8103414675039653,0.10575572299283154,0.04702074144732715,-0.05873498154550438
297,0,0,B1,DEPLOY,1,0.9004008828939294,0.012126573217940861,0.012126573217940861,0.0
298,0,0,B1,DEPLOY,1,0.8714071210500086,0.0,0.0,0.0
299,0,0,HYBRID,DEPLOY,1,0.8778992109769489,0.0,0.07873796792929688,0.07873796792929688
300,1,0,LOCAL,DEPLOY,1,0.8163421494703732,0.010561270963636016,0.0,-0.010561270963636016
301,1,0,B1,DEPLOY,1,0.882858846528418,0.0,0.0,0.0
302,1,0,B1,LEARN_UCB,1,0.8860765548871374,0.0,0.0,0.0
303,1,0,HYBRID,DEPLOY,1,0.906264563255129,0.08725398050556488,0.09914493800515523,0.011890957499590349
304,1,0,HYBRID,DEPLOY,1,0.8829304711741629,0.0,0.016862282253819916,0.016862282253819916
305,1,0,B1,LEARN_UCB,1,0.8874358719376665,0.0,0.0,0.0
306,1,0,LOCAL,DEPLOY,1,0.8896434290598115,0.0,0.03526716435833799,0.03526716435833799
307,1,0,GLOBAL,DEPLOY,1,0.8576892242596927,0.0,0.07983209863446372,0.07983209863446372
308,1,0,B1,DEPLOY,1,0.8967975090677516,0.0,0.0,0.0
309,1,0,B1,DEPLOY,1,0.8544113093308495,0.01124801334704184,0.01124801334704184,0.0
310,1,0,GLOBAL,DEPLOY,1,0.8319653067114394,0.005579114473119873,0.0,-0.005579114473119873
311,1,0,B1,DEPLOY,1,0.8873646253837099,0.0,0.0,0.0
312,1,0,B1,DEPLOY,1,0.9233147171791729,0.0,0.0,0.0
313,1,0,LOCAL,DEPLOY,1,0.9626278130315206,0.0,0.07262906213758658,0.07262906213758658
314,1,0,LOCAL,DEPLOY,1,0.8690478377029671,0.0,0.0206269656656769,0.0206269656656769
315,1,0,HYBRID,DEPLOY,1,0.8597405470160835,0.026771733337278003,0.0,-0.026771733337278003
316,1,0,B1,DEPLOY,1,0.7591870860979537,0.05223603251562814,0.05223603251562814,0.0
317,1,0,GLOBAL,DEPLOY,1,0.904919092424812,0.006117188605587742,0.0,-0.006117188605587742
318,1,0,GLOBAL,DEPLOY,1,0.7942102392922294,0.03543888603534939,0.0,-0.03543888603534939
319,1,0,HYBRID,DEPLOY,1,0.8820791261042241,0.01538775547268334,0.03148226692622591,0.01609451145354257
320,1,0,B1,DEPLOY,1,0.8525440323868494,0.0,0.0,0.0
321,1,0,GLOBAL,DEPLOY,1,0.8802594590295514,0.0,0.05665121265777573,0.05665121265777573
322,1,0,HYBRID,DEPLOY,1,0.8919352974177595,0.0,0.018404947020940865,0.018404947020940865
323,1,0,HYBRID,DEPLOY,1,0.8146306839883835,0.0,0.005786995799682004,0.005786995799682004
324,1,0,B1,DEPLOY,1,0.8920972291379489,0.0,0.0,0.0
325,1,0,LOCAL,DEPLOY,1,0.8179116270012907,0.0,0.02481539273930078,0.02481539273930078
326,1,0,LOCAL,DEPLOY,1,0.8454295732894272,0.0,0.055428754523701995,0.055428754523701995
327,1,0,LOCAL,DEPLOY,1,0.8322711182702793,0.0,0.013725627655749917,0.013725627655749917
328,1,0,B1,DEPLOY,1,0.8838802897952309,0.0,0.0,0.0
329,1,0,B1,DEPLOY,1,0.866182900506404,0.0,0.0,0.0
330,1,0,HYBRID,DEPLOY,1,0.9083008793355529,0.0,0.030895025876685467,0.030895025876685467
331,1,0,HYBRID,DEPLOY,1,0.882412346994661,0.0,0.002656826154225911,0.002656826154225911
332,1,0,HYBRID,DEPLOY,1,0.8689274385844125,0.021271360841441433,0.0,-0.021271360841441433
333,1,0,HYBRID,DEPLOY,1,0.8113808427347026,0.09002888771604223,0.06525584264486495,-0.02477304507117728
334,1,0,B1,DEPLOY,1,0.9301613133513358,0.0,0.0,0.0
335,1,0,HYBRID,DEPLOY,1,0.8896282675100277,0.0037265923993237138,0.02424645425465033,0.020519861855326615
336,1,0,GLOBAL,DEPLOY,1,0.9418459973056936,0.0,0.041433627200242906,0.041433627200242906
337,1,0,GLOBAL,DEPLOY,1,0.8806761197787802,0.0,0.03703768508835281,0.03703768508835281
338,1,0,B1,DEPLOY,1,0.8572203475361241,0.0,0.0,0.0
339,1,0,LOCAL,DEPLOY,1,0.9510998022880289,0.0,0.07627541580708908,0.07627541580708908
340,1,0,B1,DEPLOY,1,0.8380646671810548,0.0,0.0,0.0
341,1,0,GLOBAL,DEPLOY,1,0.7798449914964778,0.0677202405373295,0.0,-0.0677202405373295
342,1,0,GLOBAL,DEPLOY,1,0.7641928872253019,0.037578644615631096,0.0,-0.037578644615631096
343,1,0,B1,DEPLOY,1,0.8737424603528572,0.0,0.0,0.0
344,1,0,HYBRID,DEPLOY,1,0.8825566790779927,0.0028345619922124365,0.004897145132046421,0.0020625831398339844
345,1,0,HYBRID,DEPLOY,1,0.8672438843383852,0.017826296732288305,0.06333417145288134,0.04550787472059303
346,1,0,HYBRID,DEPLOY,1,0.7477175969856128,0.040644434887858516,0.0,-0.040644434887858516
347,1,0,HYBRID,DEPLOY,1,0.9169636095323017,0.03671595915140313,0.0,-0.03671595915140313
348,1,0,HYBRID,DEPLOY,1,0.8428655179442963,0.04750920417277438,0.0,-0.04750920417277438
349,1,0,HYBRID,DEPLOY,1,0.8058648477721724,0.028700755052028293,0.0,-0.028700755052028293
350,1,0,GLOBAL,DEPLOY,1,0.8730716335080023,0.010004407228646595,0.0,-0.010004407228646595
351,1,0,B1,DEPLOY,1,0.8246975703454412,0.0,0.0,0.0
352,1,0,HYBRID,DEPLOY,1,0.9091705264763873,0.0,0.008499257368353996,0.008499257368353996
353,1,0,HYBRID,DEPLOY,1,0.8090981424421423,0.08802712113408806,0.07256975566264545,-0.015457365471442608
354,1,0,LOCAL,DEPLOY,1,0.9129145990106309,0.0,0.08896365734322065,0.08896365734322065
355,1,0,GLOBAL,DEPLOY,1,0.9350371583435705,0.0,0.0997348859985433,0.0997348859985433
356,1,0,B1,DEPLOY,1,0.9088508861797723,0.0,0.0,0.0
357,1,0,HYBRID,DEPLOY,1,0.9136346992540246,0.01633521004440741,0.042996757376884465,0.026661547332477054
358,1,0,B1,DEPLOY,1,0.8876442206478432,0.0,0.0,0.0
359,1,0,B1,DEPLOY,1,0.8753519021326619,0.0,0.0,0.0
360,1,0,HYBRID,DEPLOY,1,0.7929867892778103,0.09843514922994656,0.02620315637728976,-0.0722319928526568
361,1,0,HYBRID,DEPLOY,1,0.8061747226581365,0.05130620935551666,0.05339976894133236,0.0020935595858156963
362,1,0,HYBRID,DEPLOY,1,0.9098633462715834,0.0,0.001459324304359022,0.001459324304359022
363,1,0,HYBRID,DEPLOY,1,0.7930531924626242,0.0701121180354427,0.0,-0.0701121180354427
364,1,0,HYBRID,DEPLOY,1,0.8493866253462117,0.02814999378046379,0.05379588965482163,0.025645895874357838
365,1,0,B1,DEPLOY,1,0.9346157070423029,0.0,0.0,0.0
366,1,0,HYBRID,DEPLOY,1,0.8524236233454351,0.06021697861819275,0.06272650756139819,0.0025095289432054413
367,1,0,HYBRID,DEPLOY,1,0.9004548938120632,0.019299696209486017,0.046347157489996293,0.027047461280510277
368,1,0,HYBRID,DEPLOY,1,0.8506620354996649,0.05881741898646642,0.09797138695176144,0.03915396796529502
369,1,0,HYBRID,DEPLOY,1,0.9610251516503168,0.0,0.0472771464707511,0.0472771464707511
370,1,0,HYBRID,DEPLOY,1,0.8565023140583244,0.008202266867852637,0.0,-0.008202266867852637
371,1,0,GLOBAL,DEPLOY,1,0.7986705578836711,0.0,0.011386939980935096,0.011386939980935096
372,1,0,HYBRID,DEPLOY,1,0.8921658369898323,0.026755713777266044,0.026303949159505402,-0.0004517646177606416
373,1,0,HYBRID,DEPLOY,1,0.8747676098222619,0.006865652618617268,0.0,-0.006865652618617268
374,1,0,B1,DEPLOY,1,0.8326244496033061,0.0,0.0,0.0
375,1,0,HYBRID,DEPLOY,1,0.785199872666801,0.03922155013807682,0.023214225065956162,-0.01600732507212066
376,1,0,GLOBAL,DEPLOY,1,0.7225196018270802,0.08403170547618088,0.0,-0.08403170547618088
377,1,0,HYBRID,DEPLOY,1,0.8803008292094927,0.01828670241954844,0.0,-0.01828670241954844
378,1,0,GLOBAL,DEPLOY,1,0.992962108742947,0.0,0.07408827624892711,0.07408827624892711
379,1,0,HYBRID,LEARN_UCB,1,0.9375858822383779,0.0,0.036874216114038516,0.036874216114038516
380,1,0,B1,DEPLOY,1,0.8123821617138858,0.0,0.0,0.0
381,1,0,B1,DEPLOY,1,0.835828149860694,0.0,0.0,0.0
382,1,0,LOCAL,DEPLOY,1,0.8219546121750355,0.0,0.03290677730933189,0.03290677730933189
383,1,0,GLOBAL,DEPLOY,1,0.8918003219310722,0.0,0.054821124132541144,0.054821124132541144
384,1,0,HYBRID,DEPLOY,1,0.8747370157262964,0.04678180492873707,0.044826904847234395,-0.001954900081502675
385,1,0,B1,DEPLOY,1,0.8672364026283814,0.0,0.0,0.0
386,1,0,LOCAL,DEPLOY,1,0.9450034498678586,0.0,0.13301474101467758,0.13301474101467758
387,1,0,B1,DEPLOY,1,0.9328474432853102,0.0,0.0,0.0
388,1,0,HYBRID,DEPLOY,1,0.8865834438962678,0.0,0.004382768603776732,0.004382768603776732
389,1,0,GLOBAL,DEPLOY,1,0.8814144130577743,0.0,0.07279245682818047,0.07279245682818047
390,1,0,HYBRID,DEPLOY,1,0.8695772489470881,0.008227109216124018,0.0,-0.008227109216124018
391,1,0,B1,DEPLOY,1,0.8310773935560359,0.0,0.0,0.0
392,1,0,LOCAL,DEPLOY,1,0.9262932170930197,0.0,0.107811200986764,0.107811200986764
393,1,0,GLOBAL,DEPLOY,1,0.777357980933985,0.004193281594357501,0.0,-0.004193281594357501
394,1,0,B1,LEARN_UCB,1,0.8906263629701355,0.0,0.0,0.0
395,1,0,HYBRID,DEPLOY,1,0.7493755952975957,0.03700395112203525,0.0,-0.03700395112203525
396,1,0,B1,DEPLOY,1,0.9189651873474125,0.0,0.0,0.0
397,1,0,B1,DEPLOY,1,0.8583947427352054,0.0,0.0,0.0
398,1,0,B1,DEPLOY,1,0.9165135586992019,0.0,0.0,0.0
399,1,0,LOCAL,DEPLOY,1,0.8928367458666251,0.0,0.061319990939650015,0.061319990939650015
400,1,0,HYBRID,DEPLOY,1,0.911108058847076,0.016129968029858888,0.0,-0.016129968029858888
401,1,0,HYBRID,DEPLOY,1,0.8536585950194827,0.03333019405125204,0.0,-0.03333019405125204
402,1,0,HYBRID,DEPLOY,1,0.9153042151699554,0.0,0.03028399356541822,0.03028399356541822
403,1,0,HYBRID,DEPLOY,1,0.8762201077357032,0.005917235206343574,0.0,-0.005917235206343574
404,1,0,B1,DEPLOY,1,0.8951827538900295,0.0,0.0,0.0
405,1,0,B1,DEPLOY,1,0.7982497306721126,0.0,0.0,0.0
406,1,0,B1,DEPLOY,1,0.852682478579683,0.0,0.0,0.0
407,1,0,B1,DEPLOY,1,0.8315157596750847,0.0,0.0,0.0
408,1,0,B1,DEPLOY,1,0.8397778021090304,0.0,0.0,0.0
409,1,0,LOCAL,DEPLOY,1,0.8691787454759095,0.04191712289144034,0.0,-0.04191712289144034
410,1,0,B1,DEPLOY,1,0.8775027350271964,0.0,0.0,0.0
411,1,0,B1,DEPLOY,1,0.8340471042356258,0.0,0.0,0.0
412,1,0,LOCAL,DEPLOY,1,0.9977848249166708,0.0,0.20124172034492482,0.20124172034492482
413,1,0,GLOBAL,DEPLOY,1,0.8841425110317392,0.0,0.062486620708128715,0.062486620708128715
414,1,0,B1,DEPLOY,1,0.9208068070489664,0.0,0.0,0.0
415,1,0,GLOBAL,DEPLOY,1,0.8787722685910568,0.015092095823074692,0.0,-0.015092095823074692
416,1,0,HYBRID,DEPLOY,1,0.8546625826123595,0.11122305347981654,0.11881726788966807,0.00759421440985153
417,1,0,GLOBAL,DEPLOY,1,0.9281581262464381,0.0,0.06788692916090622,0.06788692916090622
418,1,0,HYBRID,DEPLOY,1,0.8628369815798259,0.10044132453938392,0.11852731486938373,0.0180859903299998
419,1,0,HYBRID,DEPLOY,1,0.9308685130270259,0.0,0.046369827144198905,0.046369827144198905
420,1,0,B1,DEPLOY,1,0.8719518769655645,0.0,0.0,0.0
421,1,0,B1,DEPLOY,1,0.8363758182529132,0.0,0.0,0.0
422,1,0,HYBRID,DEPLOY,1,0.831944657678391,0.0,0.007667479051024384,0.007667479051024384
423,1,0,B1,DEPLOY,1,0.8773150845738019,0.0,0.0,0.0
424,1,0,HYBRID,DEPLOY,1,0.8775230456306489,0.0,0.011299450887565232,0.011299450887565232
425,1,0,B1,DEPLOY,1,0.9008541800441414,0.0,0.0,0.0
426,1,0,GLOBAL,DEPLOY,1,0.8423108659854815,0.03687875423143716,0.0,-0.03687875423143716
427,1,0,HYBRID,DEPLOY,1,0.8463920075087733,0.029056478094489524,0.02233380736782009,-0.006722670726669433
428,1,0,B1,DEPLOY,1,0.8325410347971741,0.0,0.0,0.0
429,1,0,HYBRID,DEPLOY,1,0.8622288393713518,0.07999123623561233,0.08396064026111794,0.003969404025505607
430,1,0,LOCAL,DEPLOY,1,0.8883675405376759,0.0,0.17354295821407129,0.17354295821407129
431,1,0,B1,DEPLOY,1,0.9014393494293119,0.0,0.0,0.0
432,1,0,LOCAL,DEPLOY,1,0.9595993188466653,0.0,0.18438559628244866,0.18438559628244866
433,1,0,B1,DEPLOY,1,0.896905678533955,0.0,0.0,0.0
434,1,0,HYBRID,DEPLOY,1,0.793172578674713,0.04592492025755568,0.0,-0.04592492025755568
435,1,0,LOCAL,DEPLOY,1,0.9364059658663566,0.0,0.13118178950873716,0.13118178950873716
436,1,0,LOCAL,DEPLOY,1,0.8880445626213328,0.0,0.01963816153279674,0.01963816153279674
437,1,0,GLOBAL,DEPLOY,1,0.844100941943309,0.0,0.03818941668259701,0.03818941668259701
438,1,0,HYBRID,LEARN_UCB,1,0.8641121184219351,0.03935878745799626,0.036608522052283377,-0.0027502654057128817
439,1,0,B1,DEPLOY,1,0.8808280773302148,0.0,0.0,0.0
440,1,0,HYBRID,DEPLOY,1,0.8437501367903505,0.03577583789159433,0.056480903085593503,0.020705065193999173
441,1,0,B1,DEPLOY,1,0.8877869472046959,0.0,0.0,0.0
442,1,0,HYBRID,DEPLOY,1,0.8516679316197967,0.0,0.0016295245123626456,0.0016295245123626456
443,1,0,B1,DEPLOY,1,0.901698685911053,0.0,0.0,0.0
444,1,0,HYBRID,DEPLOY,1,0.8551801422553832,0.030445627179800705,0.0,-0.030445627179800705
445,1,0,B1,DEPLOY,1,0.8293435222501508,0.0,0.0,0.0
446,1,0,B1,DEPLOY,1,0.8604712056912813,0.0,0.0,0.0
447,1,0,B1,DEPLOY,1,0.8649205556455981,0.0,0.0,0.0
448,1,0,GLOBAL,DEPLOY,1,0.8647353892641444,0.0,0.03342034602321997,0.03342034602321997
449,1,0,HYBRID,DEPLOY,1,0.8575095537298366,0.0,0.018432122418161945,0.018432122418161945
450,1,0,HYBRID,DEPLOY,1,0.8208681299182845,0.04006579289868162,0.0,-0.04006579289868162
451,1,0,B1,DEPLOY,1,0.8346600264237368,0.0,0.0,0.0
452,1,0,HYBRID,DEPLOY,1,0.8653801019644923,0.02509477729980536,0.0,-0.02509477729980536
453,1,0,GLOBAL,DEPLOY,1,0.8808314122982844,0.0,0.019053266100607646,0.019053266100607646
454,1,0,LOCAL,DEPLOY,1,0.9908844050664999,0.0,0.11693095112964813,0.11693095112964813
455,1,0,LOCAL,DEPLOY,1,0.9126630858095742,0.0,0.11277694328813737,0.11277694328813737
456,1,0,HYBRID,LEARN_UCB,1,0.8637988331234061,0.01793602344152212,0.0,-0.01793602344152212
457,1,0,HYBRID,DEPLOY,1,0.7738181284091562,0.051542993033108275,0.0,-0.051542993033108275
458,1,0,HYBRID,DEPLOY,1,0.7997372958201385,0.07699286146380724,0.08572251811059306,0.008729656646785822
459,1,0,LOCAL,DEPLOY,1,0.8871412677829876,0.0,0.08297221150501066,0.08297221150501066
460,1,0,B1,DEPLOY,1,0.8344147450122597,0.0,0.0,0.0
461,1,0,LOCAL,DEPLOY,1,0.8168595144759647,0.04512589113525023,0.0,-0.04512589113525023
462,1,0,HYBRID,DEPLOY,1,0.8696599412256625,0.0,0.0036998682862191545,0.0036998682862191545
463,1,0,GLOBAL,DEPLOY,1,0.8451312496328892,0.04323387805022716,0.0,-0.04323387805022716
464,1,0,HYBRID,DEPLOY,1,0.9024289682873672,0.0,0.008635394083538417,0.008635394083538417
465,1,0,GLOBAL,DEPLOY,1,0.9031806716385644,0.0,0.04270548296611176,0.04270548296611176
466,1,0,GLOBAL,DEPLOY,1,0.924830769478725,0.0,0.0687224655226667,0.0687224655226667
467,1,0,GLOBAL,DEPLOY,1,0.8236356698931911,0.029274455154660095,0.0,-0.029274455154660095
468,1,0,GLOBAL,DEPLOY,1,0.9358747832842065,0.0,0.09661912662533567,0.09661912662533567
469,1,0,HYBRID,DEPLOY,1,0.8354812958498332,0.028448797921359126,0.008537705636922688,-0.019911092284436438
470,1,0,GLOBAL,DEPLOY,1,0.8911437125057928,0.0,0.0078068694280605255,0.0078068694280605255
471,1,0,B1,DEPLOY,1,0.9487283507483734,0.0,0.0,0.0
472,1,0,LOCAL,DEPLOY,1,0.9614321422080861,0.0,0.1811619701208419,0.1811619701208419
473,1,0,B1,DEPLOY,1,0.8944090459501787,0.0,0.0,0.0
474,1,0,HYBRID,DEPLOY,1,0.84994786246356,0.03569171833948681,0.0,-0.03569171833948681
475,1,0,B1,DEPLOY,1,0.9468719774917747,0.0,0.0,0.0
476,1,0,B1,DEPLOY,1,0.7590069051060795,0.0,0.0,0.0
477,1,0,B1,DEPLOY,1,0.922543000072686,0.0,0.0,0.0
478,1,0,HYBRID,DEPLOY,1,0.8786277767873657,0.03321720874936329,0.0,-0.03321720874936329
479,1,0,LOCAL,DEPLOY,1,0.9272231356970442,0.0,0.02065326730229189,0.02065326730229189
480,1,0,B1,LEARN_UCB,1,0.8056719022599345,0.027113371580369305,0.027113371580369305,0.0
481,1,0,LOCAL,DEPLOY,1,1.0,0.0,0.1819937163964478,0.1819937163964478
482,1,0,B1,DEPLOY,1,0.9246319529861982,0.0,0.0,0.0
483,1,0,HYBRID,DEPLOY,1,0.8827063974817294,0.0,0.02552115364974139,0.02552115364974139
484,1,0,HYBRID,DEPLOY,1,0.8197715082610876,0.0,0.003753248649548846,0.003753248649548846
485,1,0,HYBRID,DEPLOY,1,0.8677702090755552,0.0043416188913903975,0.016368471166798293,0.012026852275407895
486,1,0,GLOBAL,DEPLOY,1,0.781293154621335,0.0,0.005610203685953108,0.005610203685953108
487,1,0,HYBRID,DEPLOY,1,0.8700338145780266,0.04072790085742595,0.06529780886069037,0.024569908003264418
488,1,0,HYBRID,DEPLOY,1,0.8634121773105805,0.039896932479381086,0.0,-0.039896932479381086
489,1,0,HYBRID,DEPLOY,1,0.8394094672600758,0.0020972648679199457,0.0,-0.0020972648679199457
490,1,0,LOCAL,DEPLOY,1,0.9697632055706743,0.0,0.21046281803166633,0.21046281803166633
491,1,0,HYBRID,DEPLOY,1,0.8516242443078855,0.037100647477771864,0.0,-0.037100647477771864
492,1,0,HYBRID,DEPLOY,1,0.8501327475574216,0.02357347025706058,0.0,-0.02357347025706058
493,1,0,HYBRID,DEPLOY,1,0.8732125865644086,0.0,0.01883838728248466,0.01883838728248466
494,1,0,B1,DEPLOY,1,0.8221233030110218,0.0,0.0,0.0
495,1,0,GLOBAL,DEPLOY,1,0.8484589250840368,0.0,0.01861143161646872,0.01861143161646872
496,1,0,HYBRID,DEPLOY,1,0.945914253540134,0.0,0.036337811324915315,0.036337811324915315
497,1,0,LOCAL,DEPLOY,1,0.8766427369864321,0.022693859768311286,0.0,-0.022693859768311286
498,1,0,GLOBAL,DEPLOY,1,0.914696787005069,0.0,0.028409269084885502,0.028409269084885502
499,1,0,HYBRID,DEPLOY,1,0.9146079908810096,0.0,0.003846348829663393,0.003846348829663393
500,1,0,B1,DEPLOY,1,0.8782908259197567,0.0,0.0,0.0
501,1,0,HYBRID,DEPLOY,1,0.7974774465164739,0.013440538501147237,0.0,-0.013440538501147237
502,1,0,LOCAL,LEARN_UCB,1,0.9528702677685338,0.0,0.1308482816573141,0.1308482816573141
503,1,0,LOCAL,DEPLOY,1,0.9841656145938916,0.0,0.16736602150988955,0.16736602150988955
504,1,0,HYBRID,LEARN_UCB,1,0.8370652786195307,0.01735662188030196,0.0,-0.01735662188030196
505,1,0,B1,DEPLOY,1,0.8665858685290901,0.0,0.0,0.0
506,1,0,HYBRID,DEPLOY,1,0.8169600238344541,0.044471523091814236,0.0,-0.044471523091814236
507,1,0,HYBRID,DEPLOY,1,0.9159373398518202,0.0,0.03176414555928919,0.03176414555928919
508,1,0,LOCAL,DEPLOY,1,0.7932575442491422,0.0,0.00807499461079031,0.00807499461079031
509,1,0,LOCAL,DEPLOY,1,0.8998103363364548,0.0,0.06331807631274167,0.06331807631274167
510,1,0,HYBRID,DEPLOY,1,0.831913779831575,0.027500694521927826,0.0,-0.027500694521927826
511,1,0,B1,LEARN_UCB,1,0.9075420306254212,0.0,0.0,0.0
512,1,0,LOCAL,DEPLOY,1,0.9367941101294527,0.0,0.10238696015237359,0.10238696015237359
513,1,0,GLOBAL,DEPLOY,1,0.9523328444586082,0.0,0.07435864209713383,0.07435864209713383
514,1,0,B1,DEPLOY,1,0.785794068033071,0.006032494108179964,0.006032494108179964,0.0
515,1,0,B1,DEPLOY,1,0.8168204101331048,0.0,0.0,0.0
516,1,0,B1,DEPLOY,1,0.8846892191630703,0.0,0.0,0.0
517,1,0,HYBRID,DEPLOY,1,0.8205855317100614,0.05832501685698077,0.0,-0.05832501685698077
518,1,0,GLOBAL,DEPLOY,1,0.8171353880576995,0.0642464635420672,0.0,-0.0642464635420672
519,1,0,LOCAL,DEPLOY,1,0.9077460953940502,0.0,0.0706258255569635,0.0706258255569635
520,1,0,HYBRID,DEPLOY,1,0.8477635529911417,0.08269691013456193,0.11843723531103723,0.035740325176475296
521,1,0,B1,DEPLOY,1,0.8446388151535869,0.0,0.0,0.0
522,1,0,GLOBAL,DEPLOY,1,0.8961913326651998,0.0,0.09405614307674859,0.09405614307674859
523,1,0,HYBRID,DEPLOY,1,0.8536843098163708,0.007894892037430212,0.0,-0.007894892037430212
524,1,0,HYBRID,DEPLOY,1,0.8628946758535859,0.02979576076316992,0.0,-0.02979576076316992
525,1,0,HYBRID,DEPLOY,1,0.8811809537181938,0.04250398445408854,0.02706705751411498,-0.015436926939973561
526,1,0,LOCAL,DEPLOY,1,0.9459139655623844,0.0,0.06763672538712151,0.06763672538712151
527,1,0,LOCAL,DEPLOY,1,0.7767304389884081,0.05264524837213058,0.0,-0.05264524837213058
528,1,0,B1,DEPLOY,1,0.845888222110769,0.0,0.0,0.0
529,1,0,HYBRID,DEPLOY,1,0.9105276793126923,0.0037161756654535694,0.0,-0.0037161756654535694
530,1,0,HYBRID,DEPLOY,1,0.8280397887251666,0.02547420930702471,0.0,-0.02547420930702471
531,1,0,B1,DEPLOY,1,0.8510861210726114,0.0,0.0,0.0
532,1,0,GLOBAL,DEPLOY,1,0.9365802275307891,0.0,0.08165025085300259,0.08165025085300259
533,1,0,HYBRID,DEPLOY,1,0.8712689403356362,0.03856160218001248,0.0,-0.03856160218001248
534,1,0,GLOBAL,DEPLOY,1,0.8917128626571669,0.0,0.07434101566547768,0.07434101566547768
535,1,0,HYBRID,DEPLOY,1,0.8485527567898091,0.077459550802493,0.08550489357168001,0.008045342769187003
536,1,0,HYBRID,DEPLOY,1,0.8494088302489073,0.0764012297968909,0.04976296439595718,-0.026638265400933725
537,1,0,HYBRID,DEPLOY,1,0.9115006052553161,0.0,0.04548452493801858,0.04548452493801858
538,1,0,HYBRID,LEARN_UCB,1,0.8991159433002168,0.019001024799566002,0.0,-0.019001024799566002
539,1,0,GLOBAL,DEPLOY,1,0.7943519741823606,0.05511835150409772,0.0,-0.05511835150409772
540,1,0,GLOBAL,DEPLOY,1,0.9742281424876321,0.0,0.0944443910802727,0.0944443910802727
541,1,0,GLOBAL,DEPLOY,1,0.8706421801501056,0.0,0.012661020515570498,0.012661020515570498
542,1,0,HYBRID,DEPLOY,1,0.919142246762339,0.002524225130143498,0.0,-0.002524225130143498
543,1,0,HYBRID,DEPLOY,1,0.8812536076249047,0.019022563555717298,0.0,-0.019022563555717298
544,1,0,HYBRID,DEPLOY,1,0.8443954276421163,0.0,0.008438471803495329,0.008438471803495329
545,1,0,B1,DEPLOY,1,0.815620922121156,0.04679008607334456,0.04679008607334456,0.0
546,1,0,GLOBAL,DEPLOY,1,0.8498526122819687,0.0,0.05709365504476538,0.05709365504476538
547,1,0,HYBRID,DEPLOY,1,0.9201077807912217,0.0,0.018738318711039148,0.018738318711039148
548,1,0,HYBRID,DEPLOY,1,0.8954699634507168,0.011516508827332239,0.0042854691760617625,-0.007231039651270477
549,1,0,HYBRID,DEPLOY,1,0.8779690581235946,0.023870651271768017,0.0021892623393288124,-0.021681388932439205
550,1,0,HYBRID,DEPLOY,1,0.8059828126341863,0.08308898482092986,0.07238009187110661,-0.010708892949823245
551,1,0,GLOBAL,DEPLOY,1,0.8434710957774347,0.0016431829882835869,0.0,-0.0016431829882835869
552,1,0,B1,DEPLOY,1,0.8946271265814328,0.0334556083108738,0.0334556083108738,0.0
553,1,0,HYBRID,DEPLOY,1,0.9126009765951003,0.0,0.03268215260786744,0.03268215260786744
554,1,0,HYBRID,DEPLOY,1,0.8574129010277877,0.0,0.018526052873791277,0.018526052873791277
555,1,0,HYBRID,DEPLOY,1,0.8620724469741983,0.0,0.04300992624744748,0.04300992624744748
556,1,0,HYBRID,DEPLOY,1,0.8468894110002844,0.029075904577325673,0.008906045460595036,-0.020169859116730637
557,1,0,HYBRID,DEPLOY,1,0.8610527606526556,0.00565320068095132,0.0,-0.00565320068095132
558,1,0,B1,DEPLOY,1,0.8108823787367947,0.0,0.0,0.0
559,1,0,HYBRID,DEPLOY,1,0.857982429119762,0.008459849517171047,0.0,-0.008459849517171047
560,1,0,LOCAL,DEPLOY,1,0.7774029614796103,0.015201059710191589,0.0,-0.015201059710191589
561,1,0,GLOBAL,DEPLOY,1,0.8437842398677571,0.0275533720575597,0.0,-0.0275533720575597
562,1,0,GLOBAL,DEPLOY,1,0.8855070531939013,0.0,0.10239215384308809,0.10239215384308809
563,1,0,B1,DEPLOY,1,0.8657328947662616,0.0,0.0,0.0
564,1,0,HYBRID,DEPLOY,1,0.8412101198265767,0.06961855997054278,0.1038212059459449,0.034202645975402124
565,1,0,B1,DEPLOY,1,0.8841298095285881,0.0,0.0,0.0
566,1,0,B1,DEPLOY,1,0.9407711500861833,0.0,0.0,0.0
567,1,0,B1,DEPLOY,1,0.9522244194420442,0.0,0.0,0.0
568,1,0,HYBRID,DEPLOY,1,0.8167709579252587,0.03568267065013664,0.0,-0.03568267065013664
569,1,0,HYBRID,DEPLOY,1,0.8461544671666528,0.04676086928949441,0.0005946324168824013,-0.04616623687261201
570,1,0,B1,DEPLOY,1,0.8749342546968878,0.0,0.0,0.0
571,1,0,HYBRID,DEPLOY,1,0.852405757871796,0.02675532828533156,0.0,-0.02675532828533156
572,1,0,HYBRID,DEPLOY,1,0.8490442518666457,0.003812796005516761,0.0,-0.003812796005516761
573,1,0,LOCAL,DEPLOY,1,0.9218546970872464,0.0,0.08194669153671252,0.08194669153671252
574,1,0,HYBRID,DEPLOY,1,0.8211928926198115,0.0,0.025170612983359764,0.025170612983359764
575,1,0,HYBRID,DEPLOY,1,0.8792387490256784,0.026654161471182936,0.0,-0.026654161471182936
576,1,0,B1,DEPLOY,1,0.8990629305374783,0.0,0.0,0.0
577,1,0,B1,DEPLOY,1,0.9045032374367932,0.0,0.0,0.0
578,1,0,HYBRID,DEPLOY,1,0.9832103276935116,0.025652867230722465,0.0,-0.025652867230722465
579,1,0,GLOBAL,DEPLOY,1,0.8395572737430819,0.0,0.06342253670416576,0.06342253670416576
580,1,0,GLOBAL,DEPLOY,1,0.8565750536906931,0.047119232139180456,0.0,-0.047119232139180456
581,1,0,LOCAL,DEPLOY,1,0.8423038028940515,0.04357848696122091,0.0,-0.04357848696122091
582,1,0,HYBRID,DEPLOY,1,0.762272575645084,0.05884461143991848,0.0,-0.05884461143991848
583,1,0,HYBRID,DEPLOY,1,0.8414912626293034,0.037400108490343364,0.0,-0.037400108490343364
584,1,0,HYBRID,DEPLOY,1,0.811508676685498,0.10287607295459278,0.09822756914985986,-0.0046485038047329175
585,1,0,LOCAL,DEPLOY,1,0.9362259225406933,0.0,0.06525606140500195,0.06525606140500195
586,1,0,LOCAL,DEPLOY,1,0.8959593748949495,0.0,0.046287846877392624,0.046287846877392624
587,1,0,GLOBAL,DEPLOY,1,0.856343313120997,0.0,0.04870182021870484,0.04870182021870484
588,1,0,B1,DEPLOY,1,0.7987105569839689,0.0,0.0,0.0
589,1,0,HYBRID,DEPLOY,1,0.8224481016607187,0.06043643166549462,0.0,-0.06043643166549462
590,1,0,LOCAL,DEPLOY,1,0.7434386493415621,0.0381266319718645,0.0,-0.0381266319718645
591,1,0,HYBRID,DEPLOY,1,0.8693894247723759,0.10049107332743945,0.12736926857689057,0.02687819524945112
592,1,0,B1,DEPLOY,1,0.8444895029685461,0.0,0.0,0.0
593,1,0,HYBRID,DEPLOY,1,0.8039809154185341,0.039113998492152025,0.01994561674716966,-0.019168381744982366
594,1,0,HYBRID,DEPLOY,1,0.8131661977874203,0.05147032946911112,0.04252441404707219,-0.00894591542203893
595,1,0,HYBRID,DEPLOY,1,0.8299162259841139,0.06479908605810003,0.045552126974453655,-0.019246959083646376
596,1,0,HYBRID,DEPLOY,1,0.8321534346206143,0.05439546891944291,0.04383375303744197,-0.010561715882000944
597,1,0,B1,DEPLOY,1,0.8698460305368626,0.0,0.0,0.0
598,1,0,GLOBAL,DEPLOY,1,0.8534106977025089,0.0,0.08157920923004247,0.08157920923004247
599,1,0,B1,DEPLOY,1,0.885396627471989,0.0,0.0,0.0
600,1,0,HYBRID,DEPLOY,1,0.831558698416656,0.03093203022970259,0.0,-0.03093203022970259
601,1,0,LOCAL,DEPLOY,1,0.853868691182543,0.0,0.11871256278008824,0.11871256278008824
602,1,0,HYBRID,DEPLOY,1,0.8919735746923348,0.02978829292190277,0.0,-0.02978829292190277
603,1,0,HYBRID,DEPLOY,1,0.9021665381387426,0.006878539482803037,0.014645716518404517,0.00776717703560148
604,1,0,LOCAL,DEPLOY,1,1.0,0.0,0.15479606527792733,0.15479606527792733
605,1,0,LOCAL,DEPLOY,1,0.8653779756149154,0.0,0.04470785167295088,0.04470785167295088
606,1,0,HYBRID,DEPLOY,1,0.9505009598850515,0.0,0.053076186288288474,0.053076186288288474
607,1,0,B1,DEPLOY,1,0.8987201669860891,0.0,0.0,0.0
608,1,0,HYBRID,DEPLOY,1,0.8308120623934955,0.017203595078547074,0.0,-0.017203595078547074
609,1,0,GLOBAL,DEPLOY,1,0.8157685437234538,0.057532327203518085,0.0,-0.057532327203518085
610,1,0,HYBRID,DEPLOY,1,0.8107008371932221,0.02043173390381048,0.0025775315667480037,-0.017854202337062475
611,1,0,LOCAL,DEPLOY,1,0.8230125165615908,0.018465720539064034,0.0,-0.018465720539064034
612,1,0,B1,DEPLOY,1,0.8838704155579273,0.0,0.0,0.0
613,1,0,B1,DEPLOY,1,0.9163506028588929,0.0,0.0,0.0
614,1,0,HYBRID,LEARN_UCB,1,0.7670075958840944,0.02467900445381055,0.0,-0.02467900445381055
615,1,0,B1,DEPLOY,1,0.8924668352578118,0.0,0.0,0.0
616,1,0,HYBRID,DEPLOY,1,0.851544202601354,0.0014191101748961543,0.0,-0.0014191101748961543
617,1,0,LOCAL,LEARN_UCB,1,0.9059927546487515,0.0,0.08436667614191107,0.08436667614191107
618,1,0,HYBRID,DEPLOY,1,0.9309159636424358,0.0,0.01718411413122589,0.01718411413122589
619,1,0,HYBRID,DEPLOY,1,0.8078217183132964,0.026619180004112675,0.0,-0.026619180004112675
620,1,0,B1,LEARN_UCB,1,0.8715231237126281,0.0,0.0,0.0
621,1,0,B1,DEPLOY,1,0.9037912208471626,0.0,0.0,0.0
622,1,0,GLOBAL,DEPLOY,1,0.803592491199839,0.0,0.03100962674989627,0.03100962674989627
623,1,0,HYBRID,DEPLOY,1,0.9229442012432792,0.012328737642352317,0.0,-0.012328737642352317
624,1,0,HYBRID,DEPLOY,1,0.8568717253233914,0.0,0.003264644369993186,0.003264644369993186
625,1,0,HYBRID,DEPLOY,1,0.8475769851640563,0.02341362163266747,0.0,-0.02341362163266747
626,1,0,B1,DEPLOY,1,0.8514542014325862,0.0,0.0,0.0
627,1,0,LOCAL,DEPLOY,1,0.9674473352822234,0.0,0.1777104394907003,0.1777104394907003
628,1,0,LOCAL,DEPLOY,1,0.8093748016226892,0.0,0.011807856830190144,0.011807856830190144
629,1,0,HYBRID,DEPLOY,1,0.8254394573978814,0.04515394178353915,0.0,-0.04515394178353915
630,1,0,LOCAL,DEPLOY,1,0.8005267768363221,0.03686194543648713,0.0,-0.03686194543648713
631,1,0,HYBRID,DEPLOY,1,0.8453593833979542,0.018705864280116224,0.0,-0.018705864280116224
632,1,0,HYBRID,DEPLOY,1,0.9490327841856042,0.0,0.04682516994832375,0.04682516994832375
633,1,0,HYBRID,LEARN_UCB,1,0.9411598958040909,0.0,0.05473176050487383,0.05473176050487383
634,1,0,LOCAL,DEPLOY,1,0.745252142652831,0.08481245635366752,0.0,-0.08481245635366752
635,1,0,B1,DEPLOY,1,0.8562830386120742,0.0,0.0,0.0
636,1,0,HYBRID,DEPLOY,1,0.924616394573547,0.0,0.025037892187745547,0.025037892187745547
637,1,0,LOCAL,DEPLOY,1,0.9824399243793792,0.0,0.1227858737618911,0.1227858737618911
638,1,0,GLOBAL,DEPLOY,1,0.838304625708074,0.0,0.010206426536614965,0.010206426536614965
639,1,0,B1,DEPLOY,1,0.8254335384705737,0.0,0.0,0.0
640,1,0,GLOBAL,DEPLOY,1,0.8657862074298878,0.029522700672999447,0.0,-0.029522700672999447
641,1,0,HYBRID,DEPLOY,1,0.8214340569068121,0.031237540291446653,0.025854481401347162,-0.00538305889009949
642,1,0,LOCAL,DEPLOY,1,0.8324527796215432,0.03635013521409991,0.0,-0.03635013521409991
643,1,0,HYBRID,DEPLOY,1,0.8356790991568082,0.023403832105167832,0.006751520885642348,-0.016652311219525484
644,1,0,HYBRID,DEPLOY,1,0.8699685342208884,0.050624104289068494,0.0,-0.050624104289068494
645,1,0,HYBRID,DEPLOY,1,0.868356053072611,0.02844755854120884,0.0,-0.02844755854120884
646,1,0,B1,DEPLOY,1,0.8652535907009006,0.0,0.0,0.0
647,1,0,B1,DEPLOY,1,0.8561496253617332,0.0,0.0,0.0
648,1,0,B1,DEPLOY,1,0.9147949592935325,0.0,0.0,0.0
649,1,0,HYBRID,DEPLOY,1,0.8619053602911855,0.13070538025320744,0.14276219418969716,0.012056813936489719
650,1,0,GLOBAL,DEPLOY,1,0.9121056553147253,0.0,0.040142317286508966,0.040142317286508966
651,1,0,GLOBAL,DEPLOY,1,0.8460252761482263,0.0,0.02238990798936058,0.02238990798936058
652,1,0,B1,DEPLOY,1,0.8728629322300047,0.0,0.0,0.0
653,1,0,B1,DEPLOY,1,0.8684424099046323,0.0,0.0,0.0
654,1,0,GLOBAL,DEPLOY,1,0.8515632784483692,0.0,0.08547764568204308,0.08547764568204308
655,1,0,LOCAL,DEPLOY,1,0.9296107755644331,0.0,0.08926684462777201,0.08926684462777201
656,1,0,B1,DEPLOY,1,0.8795336310066413,0.0,0.0,0.0
657,1,0,HYBRID,DEPLOY,1,0.7745253042580027,0.00440294175873579,0.0,-0.00440294175873579
658,1,0,HYBRID,DEPLOY,1,0.8143154822506179,0.0515732460614986,0.0,-0.0515732460614986
659,1,0,HYBRID,DEPLOY,1,0.9517322716725602,0.0,0.04234438147405539,0.04234438147405539
660,1,0,HYBRID,DEPLOY,1,0.8537912436191374,0.03974530525234021,0.0,-0.03974530525234021
661,1,0,HYBRID,DEPLOY,1,0.8598614571992249,0.0,0.03566533594746657,0.03566533594746657
662,1,0,HYBRID,LEARN_UCB,1,0.8803050114572067,0.013658291449229365,0.0,-0.013658291449229365
663,1,0,B1,DEPLOY,1,0.8957558687515529,0.0,0.0,0.0
664,1,0,HYBRID,DEPLOY,1,0.8760063327731401,0.017627938357441253,0.0,-0.017627938357441253
665,1,0,GLOBAL,DEPLOY,1,0.804935197089097,0.0,0.0018093646718457812,0.0018093646718457812
666,1,0,B1,DEPLOY,1,0.8573326765263578,0.0,0.0,0.0
667,1,0,B1,DEPLOY,1,0.8099483788142237,0.0,0.0,0.0
668,1,0,HYBRID,DEPLOY,1,0.844602034252145,0.05806506030286307,0.0,-0.05806506030286307
669,1,0,LOCAL,DEPLOY,1,0.9854606796733745,0.0,0.11244154971516318,0.11244154971516318
670,1,0,GLOBAL,DEPLOY,1,0.7592397193768325,0.057849601920113125,0.0,-0.057849601920113125
671,1,0,B1,DEPLOY,1,0.8973445248683131,0.0,0.0,0.0
672,1,0,B1,DEPLOY,1,0.8338654721608794,0.0,0.0,0.0
673,1,0,B1,LEARN_UCB,1,0.8623338519260287,0.0,0.0,0.0
674,1,0,B1,DEPLOY,1,0.840976031786997,0.0,0.0,0.0
675,1,0,B1,DEPLOY,1,0.845400414415683,0.0,0.0,0.0
676,1,0,HYBRID,DEPLOY,1,0.7479905981634588,0.04540196854582135,0.0,-0.04540196854582135
677,1,0,GLOBAL,DEPLOY,1,0.8246378378728286,0.0,0.025313145181054986,0.025313145181054986
678,1,0,GLOBAL,DEPLOY,1,0.8829729450980922,0.0,0.051432919354554074,0.051432919354554074
679,1,0,LOCAL,DEPLOY,1,0.923487847762942,0.0,0.06521567098579628,0.06521567098579628
680,1,0,HYBRID,DEPLOY,1,0.8049670208858655,0.05173669672626635,0.0,-0.05173669672626635
681,1,0,B1,DEPLOY,1,0.8283992666439536,0.0,0.0,0.0
682,1,0,HYBRID,DEPLOY,1,0.9104908277162083,0.0,0.015285910101589972,0.015285910101589972
683,1,0,B1,DEPLOY,1,0.8438377389880606,0.0,0.0,0.0
684,1,0,GLOBAL,DEPLOY,1,0.799641030708113,0.0,0.022789235933185603,0.022789235933185603
685,1,0,HYBRID,LEARN_UCB,1,0.8569991654128258,0.033005058319634184,0.0,-0.033005058319634184
686,1,0,B1,DEPLOY,1,0.9236700514730947,0.0,0.0,0.0
687,1,0,HYBRID,LEARN_UCB,1,0.9054281047616396,0.01880253068461546,0.0,-0.01880253068461546
688,1,0,GLOBAL,DEPLOY,1,0.8261661122904037,0.01591858785230804,0.0,-0.01591858785230804
689,1,0,B1,DEPLOY,1,0.8523857580067258,0.0,0.0,0.0
690,1,0,HYBRID,DEPLOY,1,0.8643522959103329,0.019672139193385618,0.0,-0.019672139193385618
691,1,0,LOCAL,DEPLOY,1,0.9172815244348534,0.0,0.17326379390743563,0.17326379390743563
692,1,0,B1,DEPLOY,1,0.8776674450748784,0.0,0.0,0.0
693,1,0,HYBRID,DEPLOY,1,0.8935885459992605,0.0,0.0010900594528949759,0.0010900594528949759
694,1,0,HYBRID,DEPLOY,1,0.81341275479758,0.0352996411197658,0.0,-0.0352996411197658
695,1,0,HYBRID,DEPLOY,1,0.8285110221840725,0.04168120323661906,0.0,-0.04168120323661906
696,1,0,B1,DEPLOY,1,0.7974895376885185,0.0,0.0,0.0
697,1,0,B1,DEPLOY,1,0.9374017923491911,0.0,0.0,0.0
698,1,0,LOCAL,LEARN_UCB,1,1.0,0.0,0.10663346924225214,0.10663346924225214
699,1,0,HYBRID,LEARN_UCB,1,0.8311069178868246,0.0021964698999856758,0.0,-0.0021964698999856758
700,1,0,HYBRID,DEPLOY,1,0.9172445547293478,0.0,0.01662215184830451,0.01662215184830451
701,1,0,GLOBAL,DEPLOY,1,0.8584751049873454,0.00981206174906235,0.0,-0.00981206174906235
702,1,0,GLOBAL,DEPLOY,1,0.9308215619647574,0.0,0.10134724647745863,0.10134724647745863
703,1,0,GLOBAL,DEPLOY,1,0.8234388408275967,0.0,0.0210401292351583,0.0210401292351583
704,1,0,HYBRID,DEPLOY,1,0.7994291701069156,0.029625914914837237,0.0,-0.029625914914837237
705,1,0,B1,DEPLOY,1,0.8691415105456005,0.0,0.0,0.0
706,1,0,B1,DEPLOY,1,0.8584107072273516,0.0,0.0,0.0
707,1,0,LOCAL,DEPLOY,1,0.9207155996889254,0.0,0.03834085497590767,0.03834085497590767
708,1,0,HYBRID,DEPLOY,1,0.8492277826527453,0.012684418568405298,0.0,-0.012684418568405298
709,1,0,B1,DEPLOY,1,0.8248866950308464,0.0,0.0,0.0
710,1,0,HYBRID,DEPLOY,1,0.9060931994713001,0.0,0.03354049420699612,0.03354049420699612
711,1,0,HYBRID,DEPLOY,1,0.9345732692331725,0.10764015741695898,0.12573761403103934,0.018097456614080354
712,1,0,LOCAL,DEPLOY,1,0.8418002990167684,0.0,0.09752307924655312,0.09752307924655312
713,1,0,HYBRID,DEPLOY,1,0.8695844967416483,0.004579700721704549,0.0,-0.004579700721704549
714,1,0,B1,DEPLOY,1,0.9011340897381624,0.0,0.0,0.0
715,1,0,GLOBAL,DEPLOY,1,0.7779937764817485,0.03027377064979242,0.0,-0.03027377064979242
716,1,0,B1,DEPLOY,1,0.8583236812994344,0.0,0.0,0.0
717,1,0,B1,DEPLOY,1,0.8487863597162655,0.0,0.0,0.0
718,1,0,HYBRID,DEPLOY,1,0.7832069130179882,0.056472114853415634,0.00722408569967492,-0.04924802915374071
719,1,0,B1,DEPLOY,1,0.7951390366411252,0.0,0.0,0.0
720,1,0,HYBRID,DEPLOY,1,0.8693581057549448,0.0013954801952171803,0.0,-0.0013954801952171803
721,1,0,HYBRID,LEARN_UCB,1,0.8618272952656909,0.03309307741188783,0.0,-0.03309307741188783
722,1,0,GLOBAL,DEPLOY,1,0.8264337730123694,0.012935113788652308,0.0,-0.012935113788652308
723,1,0,GLOBAL,DEPLOY,1,0.7741314377848034,0.05579792852879195,0.0,-0.05579792852879195
724,1,0,B1,DEPLOY,1,0.8788535322536273,0.0,0.0,0.0
725,1,0,HYBRID,DEPLOY,1,0.8908223876155891,0.0,0.028061674712528517,0.028061674712528517
726,1,0,LOCAL,DEPLOY,1,0.849509563268758,0.02563449539535556,0.0,-0.02563449539535556
727,1,0,B1,DEPLOY,1,0.8352804712525017,0.0,0.0,0.0
728,1,0,B1,DEPLOY,1,0.9537400710143389,0.0,0.0,0.0
729,1,0,B1,DEPLOY,1,0.8578959525143264,0.0,0.0,0.0
730,1,0,LOCAL,DEPLOY,1,0.8858156078824596,0.0,0.07519259618095198,0.07519259618095198
731,1,0,B1,DEPLOY,1,0.8690739019994753,0.0,0.0,0.0
732,1,0,B1,DEPLOY,1,0.8688074862064649,0.0,0.0,0.0
733,1,0,HYBRID,DEPLOY,1,0.8620160548078833,0.005383423720711211,0.0,-0.005383423720711211
734,1,0,GLOBAL,DEPLOY,1,0.8372892017724959,0.0,0.03456041035574198,0.03456041035574198
735,1,0,B1,DEPLOY,1,0.861898088256076,0.0,0.0,0.0
736,1,0,HYBRID,DEPLOY,1,0.7992144467812323,0.06111738274175971,0.0,-0.06111738274175971
737,1,0,GLOBAL,DEPLOY,1,0.7448003329305263,0.02668210218752487,0.0,-0.02668210218752487
738,1,0,HYBRID,DEPLOY,1,0.8849791373715742,0.032960621335301865,0.0,-0.032960621335301865
739,1,0,GLOBAL,DEPLOY,1,0.8725042609559621,0.0,0.047429141594587776,0.047429141594587776
740,1,0,LOCAL,DEPLOY,1,0.8854646025898759,0.02714594978388496,0.0,-0.02714594978388496
741,1,0,B1,LEARN_UCB,1,0.9409986968912512,0.0,0.0,0.0
742,1,0,GLOBAL,DEPLOY,1,0.874030695505109,0.026979562737586393,0.0,-0.026979562737586393
743,1,0,B1,DEPLOY,1,0.8518122417262416,0.0,0.0,0.0
744,1,0,LOCAL,LEARN_UCB,1,0.8114958214907587,0.004733837557256537,0.0,-0.004733837557256537
745,1,0,B1,DEPLOY,1,0.8239619551125593,0.0,0.0,0.0
746,1,0,GLOBAL,DEPLOY,1,0.8839183692278901,0.0,0.04959503221758832,0.04959503221758832
747,1,0,HYBRID,DEPLOY,1,0.8711529992275377,0.0,0.023708220858420392,0.023708220858420392
748,1,0,HYBRID,DEPLOY,1,0.8173290084615465,0.044316149993117504,0.0,-0.044316149993117504
749,1,0,GLOBAL,DEPLOY,1,0.8367857228502823,0.06255583261024578,0.0,-0.06255583261024578
750,1,0,LOCAL,DEPLOY,1,0.8397597376803094,0.0,0.03108513842731886,0.03108513842731886
751,1,0,B1,DEPLOY,1,0.8685686444161026,0.0,0.0,0.0
752,1,0,HYBRID,LEARN_UCB,1,0.8801636497067656,0.0,0.04831879670243322,0.04831879670243322
753,1,0,B1,DEPLOY,1,0.8536206121562885,0.0,0.0,0.0
754,1,0,B1,DEPLOY,1,0.9326388529727438,0.0,0.0,0.0
755,1,0,HYBRID,DEPLOY,1,0.8429126222069213,0.026842546129181688,0.0,-0.026842546129181688
756,1,0,LOCAL,DEPLOY,1,0.9011303638970339,0.0,0.06916949359323477,0.06916949359323477
757,1,0,HYBRID,DEPLOY,1,0.8869989993048145,0.008687261394799917,0.0,-0.008687261394799917
758,1,0,B1,LEARN_UCB,1,0.7904851728826551,0.0,0.0,0.0
759,1,0,HYBRID,DEPLOY,1,0.961659452022755,0.0,0.032761749843519095,0.032761749843519095
760,1,0,HYBRID,DEPLOY,1,0.8731888798499058,0.040573024401453495,0.07810947458297446,0.037536450181520964
761,1,0,B1,DEPLOY,1,0.8448860776313182,0.0,0.0,0.0
762,1,0,GLOBAL,DEPLOY,1,0.8970843707399363,0.0,0.05763504027621602,0.05763504027621602
763,1,0,B1,LEARN_UCB,1,0.9035357936234532,0.0,0.0,0.0
764,1,0,HYBRID,DEPLOY,1,0.8347588892526631,0.11721105055669012,0.128832805041463,0.011621754484772873
765,1,0,B1,DEPLOY,1,0.870601521182787,0.0,0.0,0.0
766,1,0,B1,DEPLOY,1,0.9011356013843995,0.0,0.0,0.0
767,1,0,B1,DEPLOY,1,0.8330097900131421,0.0,0.0,0.0
768,1,0,LOCAL,DEPLOY,1,1.0,0.0,0.10985686736642553,0.10985686736642553
769,1,0,GLOBAL,DEPLOY,1,0.7972675935187634,0.03801754532711776,0.0,-0.03801754532711776
770,1,0,GLOBAL,DEPLOY,1,0.967376560995014,0.0,0.11263476545820172,0.11263476545820172
771,1,0,B1,DEPLOY,1,0.7832919352523077,0.0,0.0,0.0
772,1,0,HYBRID,DEPLOY,1,0.8149593801086832,0.03944999820057615,0.02270502358577975,-0.016744974614796404
773,1,0,GLOBAL,DEPLOY,1,0.8456003153570665,0.008699743074252697,0.0,-0.008699743074252697
774,1,0,B1,DEPLOY,1,0.8867190054165274,0.0,0.0,0.0
775,1,0,GLOBAL,DEPLOY,1,0.9086902823038899,0.0,0.05733938152014484,0.05733938152014484
776,1,0,GLOBAL,DEPLOY,1,0.8121328089174963,0.018727169144225453,0.0,-0.018727169144225453
777,1,0,HYBRID,DEPLOY,1,0.7987171499861089,0.015108388329572287,0.0,-0.015108388329572287
778,1,0,GLOBAL,DEPLOY,1,0.828225522265976,0.0,5.2494652825862964e-05,5.2494652825862964e-05
779,1,0,GLOBAL,DEPLOY,1,0.8768794730712486,0.002937170058528338,0.0,-0.002937170058528338
780,1,0,HYBRID,DEPLOY,1,0.817346318390517,0.016704161532472228,0.010174819146202774,-0.006529342386269454
781,1,0,HYBRID,DEPLOY,1,0.8803878425651475,0.03975457892418499,0.0,-0.03975457892418499
782,1,0,GLOBAL,DEPLOY,1,0.8900442120960462,0.0,0.005935919621591457,0.005935919621591457
783,1,0,B1,DEPLOY,1,0.7916635683092318,0.0,0.0,0.0
784,1,0,HYBRID,DEPLOY,1,0.8865558141985154,0.04990923942374548,0.058293933664822495,0.008384694241077018
785,1,0,HYBRID,DEPLOY,1,0.8807826326129294,0.0,0.027781702567682087,0.027781702567682087
786,1,0,HYBRID,DEPLOY,1,0.8415116904587703,0.029451846600429654,0.07337262320308213,0.04392077660265248
787,1,0,B1,DEPLOY,1,0.8578236927910714,0.0,0.0,0.0
788,1,0,GLOBAL,LEARN_UCB,1,0.8197423524279798,0.011276265588764822,0.0,-0.011276265588764822
789,1,0,HYBRID,DEPLOY,1,0.7864184743842582,0.037943627222489784,0.0,-0.037943627222489784
790,1,0,B1,DEPLOY,1,0.847276976707369,0.0,0.0,0.0
791,1,0,HYBRID,DEPLOY,1,0.9152336678830115,0.0,0.010984171427744327,0.010984171427744327
792,1,0,HYBRID,DEPLOY,1,0.7785679397357077,0.0644973723031892,0.04262007333532858,-0.021877298967860614
793,1,0,HYBRID,DEPLOY,1,0.9115870753201294,0.011991970060488466,0.0,-0.011991970060488466
794,1,0,B1,DEPLOY,1,0.8821121973888074,0.0,0.0,0.0
795,1,0,B1,DEPLOY,1,0.861022051219512,0.0,0.0,0.0
796,1,0,LOCAL,LEARN_UCB,1,0.8363692561970619,0.04523279978238082,0.0,-0.04523279978238082
797,1,0,B1,DEPLOY,1,0.8939564609159878,0.0,0.0,0.0
798,1,0,HYBRID,DEPLOY,1,0.8031086272091854,0.026938178125273438,0.0,-0.026938178125273438
799,1,0,B1,DEPLOY,1,0.9275003131106301,0.0,0.0,0.0
