t,policy,mode,reward,prototype_id
0,B1,NO_MEMORY,0.8564395188311377,0
1,B1,OUT_OF_REGION,0.8156072929387749,1
2,B1,OUT_OF_REGION,0.7494045212520064,2
3,GLOBAL,LEARN_COVERAGE,0.8983335040803796,1
4,B1,OUT_OF_REGION,0.8533807054474527,3
5,GLOBAL,LEARN_COVERAGE,0.8102958741815439,0
6,LOCAL,LEARN_COVERAGE,0.6729371451564201,1
7,GLOBAL,LEARN_COVERAGE,0.6627836394467594,3
8,B1,OUT_OF_REGION,0.740393811884688,4
9,GLOBAL,LEARN_COVERAGE,0.6181845466548289,4
10,LOCAL,LEARN_COVERAGE,0.6789210907513976,3
11,LOCAL,LEARN_COVERAGE,0.7255777113080534,0
12,HYBRID,LEARN_COVERAGE,0.7590189603934713,3
13,B1,LEARN_COVERAGE,0.8528831026173129,3
14,HYBRID,LEARN_COVERAGE,0.8737822155803923,1
15,GLOBAL,LEARN_COVERAGE,0.8418698245242493,1
16,LOCAL,LEARN_COVERAGE,0.9131690785815999,4
17,HYBRID,LEARN_COVERAGE,0.9431381367301936,0
18,HYBRID,LEARN_COVERAGE,0.8498211998946373,1
19,HYBRID,LEARN_COVERAGE,0.9965362693750053,0
20,B1,OUT_OF_REGION,0.8148963266765299,5
21,GLOBAL,LEARN_COVERAGE,0.6472622456575847,2
22,GLOBAL,LEARN_COVERAGE,0.7083574114336307,5
23,B1,LEARN_COVERAGE,0.839652186193914,0
24,HYBRID,LEARN_COVERAGE,0.7662565301690848,3
25,LOCAL,LEARN_COVERAGE,0.6983378335212644,3
26,LOCAL,LEARN_COVERAGE,0.6489281174936723,5
27,GLOBAL,LEARN_COVERAGE,0.6907236564470965,3
28,HYBRID,LEARN_COVERAGE,0.8807646308669832,4
29,GLOBAL,LEARN_COVERAGE,0.7648901977440405,0
30,B1,OUT_OF_REGION,0.8262494379347253,6
31,HYBRID,LEARN_COVERAGE,0.8184511880279187,5
32,HYBRID,LEARN_COVERAGE,0.7622525945729433,5
33,B1,LEARN_COVERAGE,0.8042027169780208,5
34,LOCAL,LEARN_COVERAGE,0.8188232737935293,2
35,HYBRID,LEARN_COVERAGE,0.7741411515577218,2
36,LOCAL,LEARN_COVERAGE,0.8661420318678029,2
37,B1,LEARN_COVERAGE,0.7950413709888694,3
38,GLOBAL,LEARN_COVERAGE,0.7841138541709892,5
39,LOCAL,LEARN_COVERAGE,0.7398490597603052,0
40,LOCAL,LEARN_COVERAGE,0.6083047710468849,5
41,HYBRID,LEARN_COVERAGE,0.8236153024600876,3
42,LOCAL,LEARN_COVERAGE,0.7226208731120406,3
43,B1,OUT_OF_REGION,0.8359602525057829,7
44,HYBRID,LEARN_COVERAGE,0.9003668676783759,0
45,B1,LEARN_COVERAGE,0.8863976980899597,0
46,GLOBAL,LEARN_COVERAGE,0.7068890046081027,7
47,GLOBAL,LEARN_COVERAGE,0.8568388771433173,3
48,B1,LEARN_COVERAGE,0.8290548357881304,3
49,B1,LEARN_COVERAGE,0.8126451444560525,5
50,GLOBAL,LEARN_COVERAGE,0.7389343929520417,0
51,B1,OUT_OF_REGION,0.7814643957140152,8
52,LOCAL,LEARN_COVERAGE,0.8169445453434804,7
53,HYBRID,LEARN_COVERAGE,0.7569483578077669,3
54,GLOBAL,LEARN_COVERAGE,0.7013667546836219,3
55,B1,LEARN_COVERAGE,0.7769909649010671,1
56,LOCAL,LEARN_COVERAGE,0.6897727626944938,3
57,LOCAL,LEARN_COVERAGE,0.8052134908753941,0
58,HYBRID,LEARN_COVERAGE,0.9114610303383182,0
59,HYBRID,LEARN_COVERAGE,0.7968496293266711,7
60,B1,LEARN_COVERAGE,0.825709254880364,0
61,GLOBAL,LEARN_COVERAGE,0.7048122866050822,6
62,HYBRID,LEARN_COVERAGE,0.7741467756128415,5
63,LOCAL,LEARN_COVERAGE,0.6746289253758354,6
64,GLOBAL,LEARN_COVERAGE,0.7500637214417945,0
65,B1,LEARN_COVERAGE,0.8212077888170339,7
66,GLOBAL,LEARN_COVERAGE,0.7373451519675782,5
67,B1,OUT_OF_REGION,0.8490016056388886,9
68,HYBRID,LEARN_COVERAGE,0.7344875642074742,2
69,LOCAL,LEARN_COVERAGE,0.8032254393358239,7
70,GLOBAL,LEARN_COVERAGE,0.9152561985501712,8
71,B1,OUT_OF_REGION,0.8138347891643821,10
72,LOCAL,LEARN_COVERAGE,0.6583818097546174,1
73,B1,DEPLOY,0.897354845674435,3
74,B1,LEARN_COVERAGE,0.821500498449896,2
75,LOCAL,LEARN_COVERAGE,0.6943486626826062,8
76,GLOBAL,LEARN_COVERAGE,0.5885214757765445,2
77,GLOBAL,LEARN_COVERAGE,0.6815926703162457,10
78,HYBRID,LEARN_COVERAGE,0.7168685050231527,6
79,B1,DEPLOY,0.8730437882265292,3
80,HYBRID,LEARN_COVERAGE,0.844756757862604,8
81,GLOBAL,LEARN_COVERAGE,0.9109590177430515,1
82,LOCAL,LEARN_COVERAGE,0.8260255380634138,0
83,GLOBAL,LEARN_COVERAGE,0.8557764478047517,8
84,HYBRID,LEARN_COVERAGE,0.9710195746438938,8
85,HYBRID,LEARN_COVERAGE,0.872821618457321,7
86,GLOBAL,LEARN_COVERAGE,0.6570347891970757,7
87,B1,LEARN_COVERAGE,0.7652430407814487,8
88,LOCAL,LEARN_COVERAGE,0.8124736811891538,10
89,LOCAL,LEARN_COVERAGE,0.7994286597656882,2
90,HYBRID,LEARN_COVERAGE,0.8805753924423927,1
91,LOCAL,LEARN_COVERAGE,0.5937414980618454,8
92,B1,DEPLOY,0.8450617827835094,3
93,GLOBAL,LEARN_COVERAGE,0.779487928637662,9
94,B1,DEPLOY,0.8923726654177596,3
95,LOCAL,LEARN_COVERAGE,0.6699404757239441,5
96,B1,LEARN_COVERAGE,0.8099485989948745,2
97,HYBRID,DEPLOY,1.0,0
98,HYBRID,LEARN_COVERAGE,0.779158042728659,2
99,B1,LEARN_COVERAGE,0.8466239430591478,5
100,B1,LEARN_COVERAGE,0.9019391415586859,1
101,LOCAL,LEARN_COVERAGE,0.8934802826370392,4
102,LOCAL,LEARN_COVERAGE,0.7322748426586483,1
103,HYBRID,LEARN_COVERAGE,0.7879824658764027,4
104,HYBRID,LEARN_COVERAGE,0.9627563349940707,7
105,LOCAL,LEARN_COVERAGE,0.7191140413965924,9
106,HYBRID,DEPLOY,0.9392806243267412,0
107,HYBRID,LEARN_COVERAGE,0.8753697198789056,8
108,HYBRID,LEARN_COVERAGE,0.8437403600207891,10
109,GLOBAL,LEARN_COVERAGE,0.8228362276865071,1
110,HYBRID,LEARN_COVERAGE,0.8417952288317129,1
111,GLOBAL,LEARN_COVERAGE,0.8556419534488219,8
112,B1,LEARN_COVERAGE,0.8139516753684397,1
113,B1,DEPLOY,0.8781036574585149,3
114,HYBRID,LEARN_COVERAGE,0.8709169234745524,10
115,B1,LEARN_COVERAGE,0.8330355964185957,10
116,LOCAL,LEARN_COVERAGE,0.6559156821789138,1
117,B1,DEPLOY,0.8469336588627504,3
118,HYBRID,LEARN_COVERAGE,0.7264746815693247,5
119,B1,LEARN_COVERAGE,0.8253817560171839,6
120,LOCAL,LEARN_COVERAGE,0.8826391761600559,10
121,B1,LEARN_COVERAGE,0.7989685827649643,4
122,GLOBAL,LEARN_COVERAGE,0.6764632614880518,4
123,HYBRID,DEPLOY,0.7031313489154409,1
124,B1,LEARN_COVERAGE,0.8216126374507412,8
125,GLOBAL,LEARN_COVERAGE,0.699933460138373,10
126,B1,DEPLOY,0.832727564236482,3
127,GLOBAL,LEARN_COVERAGE,0.7703742400178021,5
128,GLOBAL,LEARN_UCB,0.7894226401820691,1
129,B1,DEPLOY,0.8461104640704373,3
130,GLOBAL,DEPLOY,0.8641436400681166,1
131,B1,DEPLOY,0.8296725136263338,3
132,HYBRID,LEARN_COVERAGE,0.9179828916133954,9
133,B1,LEARN_COVERAGE,0.7888671903628591,7
134,HYBRID,LEARN_COVERAGE,0.9005542945121585,9
135,GLOBAL,DEPLOY,0.9021856616879971,1
136,GLOBAL,LEARN_COVERAGE,0.6513386582742308,2
137,LOCAL,LEARN_COVERAGE,0.7647883553988696,5
138,LOCAL,LEARN_COVERAGE,0.8061879280080908,4
139,GLOBAL,DEPLOY,0.79627830839739,1
140,LOCAL,LEARN_COVERAGE,0.8220556591709172,2
141,B1,LEARN_COVERAGE,0.8177772149669329,2
142,LOCAL,LEARN_COVERAGE,0.8741551250122933,10
143,LOCAL,LEARN_COVERAGE,0.7838487948309711,7
144,LOCAL,LEARN_COVERAGE,0.652819074435717,8
145,B1,DEPLOY,0.8041837820231422,5
146,B1,DEPLOY,0.8417950133339605,5
147,GLOBAL,DEPLOY,0.9075333747567493,1
148,B1,DEPLOY,0.8277196672165271,5
149,B1,DEPLOY,0.8687959881696199,3
150,GLOBAL,LEARN_COVERAGE,0.7786140552675979,7
151,GLOBAL,DEPLOY,0.9196956975221845,1
152,B1,LEARN_COVERAGE,0.872194904944672,9
153,GLOBAL,DEPLOY,0.8512411852519328,1
154,HYBRID,DEPLOY,0.9268064454677504,0
155,B1,DEPLOY,0.8153915039190976,3
156,HYBRID,LEARN_COVERAGE,0.8909290527411302,7
157,B1,DEPLOY,0.9275743515725778,3
158,B1,DEPLOY,0.8185811271432974,3
159,HYBRID,LEARN_COVERAGE,0.7914630315718101,4
160,B1,DEPLOY,0.93301330797247,3
161,HYBRID,LEARN_COVERAGE,0.8243024896142419,6
162,HYBRID,DEPLOY,0.9801298283313532,0
163,GLOBAL,LEARN_COVERAGE,0.7546348833273717,9
164,GLOBAL,DEPLOY,0.8296327007500764,1
165,B1,LEARN_COVERAGE,0.7862967456069093,7
166,GLOBAL,LEARN_COVERAGE,0.6012357898540542,6
167,LOCAL,LEARN_COVERAGE,0.7421358975184399,7
168,HYBRID,LEARN_COVERAGE,0.9068280990163414,10
169,GLOBAL,DEPLOY,0.8235963819616445,1
170,LOCAL,LEARN_COVERAGE,0.7803111282248557,9
171,B1,DEPLOY,0.8086915245631574,5
172,HYBRID,DEPLOY,0.9489892387063135,0
173,LOCAL,LEARN_COVERAGE,0.7041224500572235,6
174,HYBRID,LEARN_COVERAGE,0.901075112154191,8
175,B1,LEARN_COVERAGE,0.8789223838921534,4
176,B1,DEPLOY,0.8260663231736572,3
177,B1,LEARN_COVERAGE,0.8957139416159657,10
178,GLOBAL,LEARN_COVERAGE,0.7998037261583378,7
179,B1,LEARN_COVERAGE,0.7922845637057836,6
180,B1,DEPLOY,0.889859445256051,5
181,HYBRID,LEARN_COVERAGE,0.8621536930355505,9
182,HYBRID,LEARN_COVERAGE,0.8183078380517697,2
183,B1,LEARN_UCB,0.8800867419340838,5
184,HYBRID,LEARN_COVERAGE,0.7907027906894722,6
185,GLOBAL,LEARN_COVERAGE,0.636428440966928,10
186,HYBRID,DEPLOY,0.8883094219223886,0
187,B1,DEPLOY,0.7956579139149418,3
188,HYBRID,LEARN_COVERAGE,0.9045666862535698,10
189,LOCAL,LEARN_COVERAGE,0.7131636919634327,6
190,B1,DEPLOY,0.9285003311574741,3
191,HYBRID,DEPLOY,0.9696281644808786,0
192,B1,LEARN_COVERAGE,0.9244239791486989,9
193,GLOBAL,LEARN_COVERAGE,0.8913948697238154,8
194,HYBRID,DEPLOY,0.8871373528114976,7
195,GLOBAL,DEPLOY,0.8722694706205995,1
196,HYBRID,DEPLOY,0.9165707936561762,7
197,B1,DEPLOY,0.8554927379645638,3
198,GLOBAL,LEARN_COVERAGE,0.7753549338815356,9
199,B1,LEARN_UCB,0.7245414164988715,5
200,B1,LEARN_COVERAGE,0.8817664156672153,8
201,HYBRID,DEPLOY,0.9798269252303016,7
202,GLOBAL,LEARN_COVERAGE,0.6037200293087149,4
203,LOCAL,LEARN_COVERAGE,0.8766971982167662,4
204,GLOBAL,LEARN_COVERAGE,0.735019072030333,6
205,B1,DEPLOY,0.8017380302261299,3
206,HYBRID,DEPLOY,0.949311628250542,0
207,B1,LEARN_COVERAGE,0.8390803118194698,6
208,LOCAL,LEARN_COVERAGE,0.5479380809681592,8
209,B1,OUT_OF_REGION,0.8110149755544888,11
210,GLOBAL,DEPLOY,0.7732848252177172,1
211,HYBRID,DEPLOY,0.8434054921363354,0
212,HYBRID,LEARN_COVERAGE,0.8228724159956401,4
213,B1,DEPLOY,0.9129390715830727,5
214,HYBRID,DEPLOY,0.8684679977475978,7
215,HYBRID,DEPLOY,0.9402374144801653,0
216,B1,LEARN_COVERAGE,0.868358982187514,4
217,LOCAL,LEARN_COVERAGE,0.8255821146152895,10
218,GLOBAL,LEARN_COVERAGE,0.802508183423245,11
219,B1,LEARN_COVERAGE,0.7827370499028011,10
220,HYBRID,LEARN_COVERAGE,0.8409176420633331,6
221,LOCAL,LEARN_COVERAGE,0.8627624646170795,9
222,GLOBAL,DEPLOY,0.8615588778687158,1
223,GLOBAL,DEPLOY,0.8674007478232644,1
224,B1,DEPLOY,0.7816323442306445,3
225,GLOBAL,DEPLOY,0.8714701660358225,1
226,GLOBAL,LEARN_COVERAGE,0.69780690271061,2
227,B1,DEPLOY,0.9042435083898694,3
228,HYBRID,DEPLOY,0.9580313981880325,7
229,GLOBAL,LEARN_COVERAGE,0.5788520547223888,4
230,B1,DEPLOY,0.8596904597597861,3
231,HYBRID,DEPLOY,0.8457091956556644,8
232,HYBRID,DEPLOY,1.0,0
233,HYBRID,DEPLOY,0.9780668215320646,7
234,HYBRID,DEPLOY,0.9255377941943475,7
235,HYBRID,LEARN_COVERAGE,0.8468069420296808,9
236,B1,DEPLOY,0.8452725073901104,3
237,HYBRID,DEPLOY,0.9149101939540063,8
238,B1,DEPLOY,0.8385900074791404,3
239,HYBRID,DEPLOY,0.9897122297574942,0
240,GLOBAL,DEPLOY,0.8306544034377525,1
241,B1,DEPLOY,0.8684545747620266,5
242,B1,DEPLOY,0.8668720617655965,3
243,B1,LEARN_COVERAGE,0.8567397158342819,9
244,HYBRID,DEPLOY,0.964433414415129,0
245,B1,DEPLOY,0.7954895260501226,3
246,GLOBAL,LEARN_COVERAGE,0.6528193090296482,10
247,B1,DEPLOY,0.8238804988738592,3
248,LOCAL,DEPLOY,0.7286813507617835,2
249,HYBRID,DEPLOY,0.9455369285021797,7
250,HYBRID,DEPLOY,0.8485484573900598,10
251,HYBRID,DEPLOY,0.83725430258958,10
252,LOCAL,DEPLOY,0.9062142683302945,4
253,GLOBAL,LEARN_COVERAGE,0.5964805764028958,6
254,LOCAL,LEARN_COVERAGE,0.7197147632608181,6
255,HYBRID,DEPLOY,0.9143554792036461,7
256,B1,DEPLOY,0.8097263154366355,6
257,LOCAL,LEARN_UCB,0.795544317527594,4
258,HYBRID,LEARN_UCB,0.9266763444161226,7
259,B1,DEPLOY,0.8351738926852891,3
260,LOCAL,LEARN_COVERAGE,0.7678242301793116,9
261,B1,DEPLOY,0.8580136087218315,6
262,GLOBAL,LEARN_COVERAGE,0.7108152772555241,9
263,B1,DEPLOY,0.8714034375035876,3
264,B1,DEPLOY,0.8152950176744181,5
265,HYBRID,DEPLOY,0.8456148527578052,8
266,GLOBAL,DEPLOY,0.876747647341723,1
267,B1,DEPLOY,0.8306934055656319,5
268,GLOBAL,DEPLOY,0.8235938563658608,1
269,LOCAL,DEPLOY,0.8690439382819494,4
270,B1,DEPLOY,0.8360105030569048,3
271,LOCAL,DEPLOY,0.9622379936604941,2
272,B1,DEPLOY,0.8694858272916057,6
273,GLOBAL,DEPLOY,0.8824761114517936,1
274,HYBRID,DEPLOY,0.9956979594063592,8
275,LOCAL,DEPLOY,0.7899803673562847,4
276,HYBRID,DEPLOY,0.871417948473252,0
277,HYBRID,DEPLOY,1.0,0
278,HYBRID,LEARN_UCB,0.927082482085973,0
279,B1,DEPLOY,0.8378536705851605,5
280,HYBRID,DEPLOY,0.9704404758370768,8
281,B1,DEPLOY,0.8104566899953927,5
282,HYBRID,DEPLOY,0.8361386486362,8
283,HYBRID,DEPLOY,0.9100633917415212,8
284,LOCAL,DEPLOY,0.8711750445342037,2
285,HYBRID,DEPLOY,0.949604231981542,0
286,B1,DEPLOY,0.8381437860698404,6
287,B1,DEPLOY,0.8561830688299389,6
288,GLOBAL,DEPLOY,0.909912131246765,1
289,GLOBAL,DEPLOY,0.8689599826418685,1
290,B1,DEPLOY,0.8583098706221385,3
291,HYBRID,DEPLOY,0.9329224464846761,7
292,GLOBAL,DEPLOY,0.7863080327044033,1
293,HYBRID,DEPLOY,0.9211163761370339,7
294,HYBRID,DEPLOY,0.8452137133564626,7
295,HYBRID,DEPLOY,0.9551930513549574,7
296,HYBRID,DEPLOY,0.9463081745784094,0
297,B1,DEPLOY,0.8340584919327415,5
298,HYBRID,DEPLOY,0.929148734687424,8
299,HYBRID,DEPLOY,0.920296488627128,0
300,LOCAL,DEPLOY,0.8022604519139511,2
301,GLOBAL,DEPLOY,0.7737440357820314,1
302,HYBRID,LEARN_UCB,0.8436017420368624,8
303,LOCAL,LEARN_COVERAGE,0.6966214822220687,11
304,HYBRID,DEPLOY,0.8337769814086962,8
305,LOCAL,DEPLOY,0.804843032444425,2
306,B1,DEPLOY,0.8367236562536544,5
307,LOCAL,DEPLOY,0.888063346741941,4
308,B1,DEPLOY,0.8236112291169913,3
309,B1,DEPLOY,0.8300535708207669,3
310,HYBRID,DEPLOY,0.9538189113251584,10
311,GLOBAL,DEPLOY,0.8227179720014951,1
312,B1,DEPLOY,0.9281689738233411,6
313,LOCAL,DEPLOY,0.8256052288083946,2
314,LOCAL,DEPLOY,0.876238348994906,2
315,B1,DEPLOY,0.7889710207406629,5
316,HYBRID,DEPLOY,0.9468890516887999,10
317,HYBRID,DEPLOY,0.9952046640616414,7
318,B1,LEARN_UCB,0.8449330879368759,5
319,HYBRID,DEPLOY,0.8143791529360371,10
320,HYBRID,DEPLOY,0.9285413417218036,7
321,HYBRID,DEPLOY,0.8077075372763821,8
322,HYBRID,DEPLOY,0.9717382203736551,7
323,HYBRID,DEPLOY,0.9528453330059999,0
324,HYBRID,DEPLOY,0.8344926096843345,0
325,HYBRID,DEPLOY,0.9109720517207002,10
326,B1,DEPLOY,0.8057711132368888,6
327,LOCAL,DEPLOY,0.8376623596557986,4
328,HYBRID,DEPLOY,0.8438952254958748,8
329,LOCAL,DEPLOY,0.8854779228572199,4
330,HYBRID,DEPLOY,0.8361476311038198,10
331,B1,DEPLOY,0.8595189290305674,3
332,HYBRID,DEPLOY,0.8741459187127547,8
333,HYBRID,DEPLOY,0.8268348727672478,10
334,LOCAL,DEPLOY,0.7959110688179026,2
335,LOCAL,DEPLOY,0.8824402804223984,2
336,LOCAL,DEPLOY,0.8279850524905821,4
337,HYBRID,DEPLOY,0.8921216505552743,8
338,HYBRID,DEPLOY,0.9100587981644397,7
339,B1,DEPLOY,0.8757996704466776,3
340,HYBRID,DEPLOY,0.9660086350811579,0
341,B1,DEPLOY,0.89003600830389,3
342,HYBRID,DEPLOY,0.9065152494742141,10
343,B1,DEPLOY,0.8059740471409199,3
344,HYBRID,LEARN_UCB,0.9456856747902395,7
345,B1,DEPLOY,0.851052427701753,6
346,LOCAL,DEPLOY,0.8636543278649265,4
347,LOCAL,DEPLOY,0.9550740423877618,4
348,LOCAL,DEPLOY,0.8680305676711491,4
349,B1,DEPLOY,0.9217757239974861,3
350,LOCAL,LEARN_UCB,0.7971018715862159,2
351,B1,DEPLOY,0.8115081060920162,5
352,HYBRID,DEPLOY,0.8756736717154083,8
353,B1,DEPLOY,0.7705556138765708,6
354,LOCAL,DEPLOY,0.8895181979441573,2
355,GLOBAL,DEPLOY,0.8864047396856716,1
356,HYBRID,DEPLOY,0.869277282038936,7
357,GLOBAL,DEPLOY,0.9600886493559715,1
358,GLOBAL,DEPLOY,0.8390350513450076,1
359,HYBRID,DEPLOY,0.8525765909613237,8
360,LOCAL,DEPLOY,0.9001986104399822,2
361,HYBRID,DEPLOY,0.8731777059426312,0
362,B1,DEPLOY,0.8501406446292359,5
363,HYBRID,DEPLOY,0.8709334758124856,0
364,HYBRID,DEPLOY,0.9710739237447468,0
365,LOCAL,DEPLOY,0.7743239765280366,4
366,LOCAL,DEPLOY,0.9353104542431239,4
367,HYBRID,DEPLOY,0.8867270575415234,10
368,GLOBAL,DEPLOY,0.8238130813686723,1
369,B1,DEPLOY,0.8198823746296128,6
370,GLOBAL,DEPLOY,0.9006604740312486,1
371,B1,DEPLOY,0.8897705066045476,3
372,HYBRID,DEPLOY,0.8973884776915781,10
373,B1,DEPLOY,0.8049764610952193,6
374,HYBRID,DEPLOY,0.917128068527713,7
375,HYBRID,DEPLOY,0.8834225111064239,7
376,HYBRID,DEPLOY,0.9906334236964017,9
377,HYBRID,DEPLOY,0.8763928401025511,10
378,HYBRID,DEPLOY,0.986669297883876,10
379,HYBRID,DEPLOY,0.9602744649234699,0
380,HYBRID,DEPLOY,0.9657266113210353,7
381,GLOBAL,DEPLOY,0.9033003068750514,1
382,GLOBAL,DEPLOY,0.7715307490782839,1
383,LOCAL,DEPLOY,0.8369361271935768,4
384,HYBRID,DEPLOY,0.7980942315791253,7
385,HYBRID,DEPLOY,0.940361287261674,9
386,LOCAL,DEPLOY,0.807087598435773,4
387,HYBRID,DEPLOY,1.0,7
388,GLOBAL,DEPLOY,0.875922370265244,1
389,HYBRID,LEARN_COVERAGE,0.887260699090313,11
390,HYBRID,DEPLOY,0.8845011998330086,0
391,B1,DEPLOY,0.7630188328886456,5
392,LOCAL,DEPLOY,0.8626852845746045,2
393,LOCAL,DEPLOY,0.8412337769000506,4
394,HYBRID,DEPLOY,0.8890379249164877,10
395,HYBRID,DEPLOY,0.888708881968877,8
396,B1,DEPLOY,0.8888118495853329,3
397,HYBRID,DEPLOY,0.9342459267982618,9
398,B1,DEPLOY,0.8317805060229413,3
399,B1,DEPLOY,0.8010872092690857,6
400,B1,DEPLOY,0.7981348171942647,6
401,B1,DEPLOY,0.8641651666668527,3
402,B1,DEPLOY,0.8602778485100039,6
403,HYBRID,DEPLOY,1.0,7
404,GLOBAL,LEARN_UCB,0.7860269339839037,1
405,HYBRID,DEPLOY,0.9233711000710026,7
406,B1,DEPLOY,0.8365281773593302,5
407,HYBRID,DEPLOY,0.9048559613807307,7
408,HYBRID,DEPLOY,0.8143818036949321,8
409,HYBRID,DEPLOY,0.9180136952419647,0
410,HYBRID,LEARN_COVERAGE,1.0,11
411,B1,DEPLOY,0.9198670573356627,3
412,LOCAL,DEPLOY,0.7627834582140233,2
413,GLOBAL,DEPLOY,0.8768652725284434,1
414,HYBRID,DEPLOY,0.8672733398659983,8
415,B1,DEPLOY,0.8691090521033812,5
416,HYBRID,DEPLOY,0.920802310337144,9
417,LOCAL,DEPLOY,0.9189803011879804,2
418,HYBRID,LEARN_UCB,0.924842278874985,10
419,B1,LEARN_COVERAGE,0.8804056615620433,11
420,HYBRID,DEPLOY,0.8836017494809342,8
421,GLOBAL,LEARN_COVERAGE,0.7600495609354425,11
422,LOCAL,DEPLOY,0.8226795005855514,4
423,HYBRID,DEPLOY,0.87089575380229,7
424,LOCAL,DEPLOY,0.9643758792502543,4
425,B1,DEPLOY,0.8596734873315435,6
426,HYBRID,DEPLOY,0.9548907242528462,9
427,LOCAL,DEPLOY,0.8296553217696251,4
428,B1,DEPLOY,0.8702947694772443,5
429,LOCAL,LEARN_COVERAGE,0.7933381891500009,11
430,GLOBAL,DEPLOY,0.7678800177939112,1
431,B1,DEPLOY,0.8178762341635875,3
432,HYBRID,DEPLOY,0.8757988091084029,7
433,B1,DEPLOY,0.8961732212962872,5
434,LOCAL,DEPLOY,0.8867114558765011,2
435,HYBRID,DEPLOY,0.9114961706548537,10
436,LOCAL,DEPLOY,0.8692869321615866,2
437,LOCAL,DEPLOY,0.8012471029690994,4
438,B1,DEPLOY,0.8726445880034436,3
439,HYBRID,DEPLOY,0.9488287408365478,10
440,B1,DEPLOY,0.8824389671693338,6
441,HYBRID,DEPLOY,0.8700234420178159,7
442,HYBRID,DEPLOY,0.876408626090803,10
443,HYBRID,DEPLOY,0.971881197782313,0
444,HYBRID,LEARN_COVERAGE,0.9873362226674556,11
445,HYBRID,DEPLOY,0.9222466587246073,7
446,HYBRID,DEPLOY,0.9479568312802652,7
447,HYBRID,DEPLOY,0.9027182534245888,7
448,GLOBAL,DEPLOY,0.8305565100947305,1
449,HYBRID,DEPLOY,0.865761053130252,9
450,HYBRID,DEPLOY,0.8547811241603372,10
451,HYBRID,DEPLOY,0.9198996778298391,7
452,B1,DEPLOY,0.8797158482522041,3
453,HYBRID,DEPLOY,0.847534755762996,7
454,HYBRID,LEARN_UCB,0.8130064634985936,10
455,B1,DEPLOY,0.9489991795480054,3
456,HYBRID,DEPLOY,0.8505354667762511,7
457,B1,DEPLOY,0.8198475951617629,6
458,B1,DEPLOY,0.8111765159096567,5
459,B1,DEPLOY,0.8322233542361913,6
460,B1,DEPLOY,0.8472563797880547,6
461,B1,DEPLOY,0.7926867300618523,5
462,B1,LEARN_UCB,0.8128419994473617,6
463,B1,DEPLOY,0.8874438619354497,3
464,HYBRID,DEPLOY,0.8725334100477985,10
465,HYBRID,DEPLOY,0.9340835721361855,7
466,LOCAL,DEPLOY,0.8022739501250907,2
467,B1,DEPLOY,0.8403314608124853,5
468,HYBRID,DEPLOY,0.8789815931695131,7
469,B1,LEARN_COVERAGE,0.9201473398011205,11
470,LOCAL,DEPLOY,0.8670980338301894,2
471,HYBRID,DEPLOY,1.0,7
472,B1,DEPLOY,0.7397943635761826,5
473,GLOBAL,DEPLOY,0.8414296637123097,1
474,B1,DEPLOY,0.8516229530357617,6
475,LOCAL,DEPLOY,0.9109301986293359,2
476,HYBRID,DEPLOY,0.8855843759393895,7
477,HYBRID,DEPLOY,0.8815974946599691,8
478,LOCAL,DEPLOY,0.8745341096665435,4
479,LOCAL,DEPLOY,0.8597055112114977,4
480,B1,DEPLOY,0.8375254755971772,5
481,B1,DEPLOY,0.8121021045462385,3
482,HYBRID,DEPLOY,0.9176233371672564,7
483,B1,DEPLOY,0.784102108257297,6
484,HYBRID,DEPLOY,0.8736989406824435,0
485,HYBRID,LEARN_UCB,0.898203603779876,7
486,LOCAL,DEPLOY,0.6834695809603387,4
487,B1,DEPLOY,0.8872938597062401,6
488,HYBRID,DEPLOY,0.8905822107828507,9
489,HYBRID,DEPLOY,0.8893025396036399,7
490,HYBRID,DEPLOY,0.8993501519982757,9
491,HYBRID,DEPLOY,0.9458240561964069,0
492,B1,DEPLOY,0.7377152401099141,6
493,HYBRID,DEPLOY,0.894121157194457,7
494,GLOBAL,LEARN_COVERAGE,0.8840002986858805,11
495,LOCAL,DEPLOY,0.8747940755185474,4
496,HYBRID,DEPLOY,0.8847386010980609,9
497,LOCAL,LEARN_COVERAGE,0.8102039289186873,11
498,HYBRID,DEPLOY,0.895730813164198,9
499,HYBRID,DEPLOY,0.8296770261903942,8
500,B1,DEPLOY,0.8272888384676383,6
501,HYBRID,DEPLOY,0.8575628087270478,8
502,HYBRID,DEPLOY,0.8377980979815176,8
503,B1,DEPLOY,0.7996223651562964,5
504,LOCAL,DEPLOY,0.8955786038143246,2
505,B1,DEPLOY,0.8527913001858868,6
506,HYBRID,LEARN_COVERAGE,0.9692799880008197,11
507,B1,DEPLOY,0.8639524525553646,3
508,LOCAL,DEPLOY,0.8255615046739949,2
509,HYBRID,DEPLOY,0.8480759215870312,0
510,LOCAL,DEPLOY,0.8574454382328472,4
511,GLOBAL,DEPLOY,0.8580777037646521,8
512,HYBRID,DEPLOY,0.9446610068562585,7
513,GLOBAL,DEPLOY,0.8282913314009727,1
514,HYBRID,DEPLOY,0.8220867824821162,7
515,HYBRID,DEPLOY,0.8647761235076449,7
516,LOCAL,DEPLOY,0.8557646477914319,2
517,HYBRID,DEPLOY,0.9274762544588933,8
518,HYBRID,DEPLOY,0.8726995200563075,0
519,LOCAL,DEPLOY,0.7426980869051956,2
520,HYBRID,DEPLOY,0.823701969179082,10
521,B1,DEPLOY,0.836087866018291,3
522,GLOBAL,DEPLOY,0.9002164475845593,1
523,HYBRID,DEPLOY,0.9327359055943151,10
524,HYBRID,DEPLOY,0.8674727154542091,7
525,B1,LEARN_COVERAGE,0.9228330057963213,11
526,HYBRID,DEPLOY,0.9584548354905491,9
527,B1,DEPLOY,0.763415661042333,5
528,GLOBAL,DEPLOY,0.9211100342679845,1
529,LOCAL,DEPLOY,0.8409548438198616,2
530,B1,DEPLOY,0.7910633599981166,3
531,LOCAL,DEPLOY,0.8545399996116152,2
532,B1,DEPLOY,0.8803991994928358,6
533,B1,DEPLOY,0.8101266288202048,5
534,HYBRID,DEPLOY,0.797180600619941,8
535,HYBRID,DEPLOY,1.0,0
536,B1,DEPLOY,0.8478860242387137,6
537,HYBRID,DEPLOY,0.9705525017726919,0
538,B1,DEPLOY,0.8635032849690651,5
539,B1,DEPLOY,0.8575203021849513,6
540,HYBRID,DEPLOY,0.8244170664463204,8
541,B1,DEPLOY,0.8314051038347904,3
542,GLOBAL,DEPLOY,0.9168964801104726,1
543,HYBRID,DEPLOY,0.9129422106989473,7
544,B1,DEPLOY,0.890117249583541,6
545,HYBRID,DEPLOY,0.9455318366963542,0
546,LOCAL,DEPLOY,0.7974513261775141,4
547,LOCAL,DEPLOY,0.8169809481335446,2
548,B1,DEPLOY,0.8872503562677618,3
549,LOCAL,DEPLOY,0.9114145749440914,2
550,HYBRID,DEPLOY,0.8647669197958386,9
551,B1,DEPLOY,0.703671707543773,5
552,HYBRID,DEPLOY,0.8495440751049055,0
553,LOCAL,DEPLOY,0.8926549760625012,2
554,HYBRID,DEPLOY,0.9835139758791653,9
555,HYBRID,DEPLOY,0.8836769993531066,9
556,B1,DEPLOY,0.8332655972306295,6
557,HYBRID,DEPLOY,0.9614613323721259,7
558,B1,DEPLOY,0.7726901137207188,3
559,HYBRID,DEPLOY,0.8897273891685998,10
560,B1,DEPLOY,0.8781257975168085,6
561,LOCAL,DEPLOY,0.8783863765410378,2
562,HYBRID,DEPLOY,0.8681737750119215,7
563,B1,DEPLOY,0.8906748885443617,3
564,B1,DEPLOY,0.8617651492937373,3
565,HYBRID,LEARN_UCB,0.8492414679176483,10
566,HYBRID,DEPLOY,0.9020585214479022,0
567,B1,DEPLOY,0.8118469049537029,5
568,B1,DEPLOY,0.826522705986251,5
569,B1,DEPLOY,0.878142777841756,6
570,GLOBAL,LEARN_COVERAGE,0.7764445727253959,11
571,HYBRID,DEPLOY,0.8781125883963465,10
572,HYBRID,DEPLOY,0.8857779296537887,0
573,B1,DEPLOY,0.8385890027872809,5
574,LOCAL,LEARN_COVERAGE,0.6658302497426989,11
575,HYBRID,DEPLOY,0.8961758572757393,0
576,B1,DEPLOY,0.8473459432973812,3
577,HYBRID,DEPLOY,0.9196297282958695,0
578,HYBRID,DEPLOY,0.9728881719180059,0
579,HYBRID,DEPLOY,0.8750697956762655,10
580,LOCAL,DEPLOY,0.7769118178210696,4
581,B1,DEPLOY,0.8284344125374858,3
582,HYBRID,DEPLOY,0.9854115699257403,10
583,HYBRID,DEPLOY,0.945282298129904,7
584,LOCAL,DEPLOY,0.8890846004459783,2
585,HYBRID,DEPLOY,0.8522317570445548,7
586,B1,DEPLOY,0.8560418000373825,3
587,LOCAL,LEARN_UCB,0.8681937163012892,4
588,B1,DEPLOY,0.8736461807146291,3
589,LOCAL,LEARN_UCB,0.9287154596012793,2
590,HYBRID,DEPLOY,0.9743083156693727,11
591,HYBRID,DEPLOY,0.9012845246597972,0
592,HYBRID,DEPLOY,0.8336773433214639,7
593,HYBRID,DEPLOY,1.0,7
594,B1,DEPLOY,0.8777118632664336,3
595,GLOBAL,DEPLOY,0.8121809662821875,1
596,HYBRID,DEPLOY,0.8337889096707936,7
597,HYBRID,DEPLOY,0.8444379408658204,7
598,B1,DEPLOY,0.8441570224858189,3
599,LOCAL,LEARN_UCB,0.8629518264786129,4
600,HYBRID,DEPLOY,0.9715533193902539,7
601,LOCAL,DEPLOY,0.8247334980268434,4
602,GLOBAL,DEPLOY,0.8100244517507458,1
603,LOCAL,DEPLOY,0.860161314114109,4
604,GLOBAL,DEPLOY,0.8496074578821513,8
605,LOCAL,DEPLOY,0.8445030477166957,4
606,HYBRID,DEPLOY,0.9756040308947154,11
607,HYBRID,DEPLOY,0.9143237009843513,7
608,GLOBAL,DEPLOY,0.7908475791864912,1
609,HYBRID,DEPLOY,0.9747436267788978,0
610,B1,LEARN_UCB,0.9156181668157641,3
611,HYBRID,LEARN_UCB,0.8187564065651094,1
612,LOCAL,DEPLOY,0.7936562459935359,4
613,B1,DEPLOY,0.8346111514560132,3
614,GLOBAL,DEPLOY,0.8521463535066077,1
615,HYBRID,DEPLOY,0.8885915551502861,0
616,B1,DEPLOY,0.852716656283423,6
617,LOCAL,DEPLOY,0.8098223582606241,2
618,GLOBAL,DEPLOY,0.7890392171584758,1
619,B1,DEPLOY,0.8000048937367501,6
620,HYBRID,DEPLOY,0.8844512314272489,8
621,HYBRID,DEPLOY,0.9213155584281771,0
622,B1,DEPLOY,0.8423183136072601,6
623,B1,DEPLOY,0.8440608365129962,3
624,B1,DEPLOY,0.8156545620827722,3
625,LOCAL,DEPLOY,0.8002613282467226,2
626,LOCAL,DEPLOY,0.789813806428784,2
627,HYBRID,DEPLOY,1.0,11
628,B1,DEPLOY,0.8426023977572695,6
629,B1,DEPLOY,0.8296542605842973,5
630,HYBRID,DEPLOY,1.0,7
631,B1,DEPLOY,0.8587786692281307,6
632,B1,DEPLOY,0.8093070268669116,3
633,HYBRID,DEPLOY,0.8598743878494088,10
634,HYBRID,DEPLOY,0.9207649046326627,7
635,B1,DEPLOY,0.822406921196284,6
636,HYBRID,DEPLOY,1.0,11
637,B1,DEPLOY,0.816391035101067,6
638,HYBRID,DEPLOY,0.8589433238470908,10
639,HYBRID,DEPLOY,0.9914496247154111,0
640,LOCAL,DEPLOY,0.9240954055177966,4
641,HYBRID,DEPLOY,0.8757734167465606,7
642,HYBRID,DEPLOY,0.9495914818533039,0
643,LOCAL,DEPLOY,0.880975859580563,4
644,GLOBAL,DEPLOY,0.8515918700762137,1
645,B1,DEPLOY,0.7950536974140264,6
646,HYBRID,DEPLOY,0.8023396808796537,8
647,B1,DEPLOY,0.8434779657823207,6
648,LOCAL,DEPLOY,0.8654352483090876,2
649,HYBRID,DEPLOY,0.9517034162842207,0
650,GLOBAL,DEPLOY,0.8615999122842102,1
651,HYBRID,LEARN_UCB,0.9018444813414136,7
652,HYBRID,DEPLOY,0.9452238069661222,7
653,HYBRID,DEPLOY,0.9540279453832556,0
654,GLOBAL,DEPLOY,0.8741369713453726,1
655,B1,DEPLOY,0.8301471143633865,6
656,B1,LEARN_UCB,0.8301819360572787,6
657,B1,DEPLOY,0.8606075357468078,5
658,B1,DEPLOY,0.7814216759408311,5
659,LOCAL,DEPLOY,0.822461112862483,2
660,GLOBAL,DEPLOY,0.9049417347097343,1
661,HYBRID,DEPLOY,0.8930859778253397,7
662,B1,DEPLOY,0.728201255596019,5
663,GLOBAL,DEPLOY,0.7240669442061232,1
664,HYBRID,DEPLOY,0.9125051103797995,0
665,GLOBAL,LEARN_UCB,0.871106841948177,8
666,HYBRID,DEPLOY,0.9687855711369866,7
667,B1,DEPLOY,0.8675852004755713,3
668,B1,DEPLOY,0.8742383983146284,5
669,B1,DEPLOY,0.8130900608976368,3
670,HYBRID,DEPLOY,0.9522764046559378,0
671,HYBRID,LEARN_UCB,0.9324965475307122,10
672,GLOBAL,DEPLOY,0.8270915108175925,1
673,LOCAL,DEPLOY,0.8993085805031245,4
674,LOCAL,DEPLOY,0.8528253088947714,4
675,HYBRID,DEPLOY,0.9660384245256606,11
676,B1,DEPLOY,0.8282141911802718,3
677,HYBRID,DEPLOY,0.824460989061105,8
678,LOCAL,DEPLOY,0.8435560602719248,2
679,HYBRID,DEPLOY,0.9225835851850784,9
680,B1,DEPLOY,0.8635338978754976,3
681,GLOBAL,DEPLOY,0.8674511297557378,1
682,B1,DEPLOY,0.9143641667530601,3
683,B1,DEPLOY,0.7963892534180719,6
684,B1,DEPLOY,0.771553415478114,6
685,HYBRID,DEPLOY,0.9065834569378627,9
686,GLOBAL,DEPLOY,0.9392862497459241,8
687,HYBRID,DEPLOY,0.9233310953003512,7
688,HYBRID,DEPLOY,0.903123673127689,7
689,HYBRID,DEPLOY,0.9067886916588572,7
690,GLOBAL,DEPLOY,0.8056912341962822,1
691,HYBRID,DEPLOY,0.8356894503210492,7
692,HYBRID,DEPLOY,0.8693163648108442,7
693,GLOBAL,LEARN_UCB,0.9071733445298569,1
694,B1,DEPLOY,0.8152925295691859,3
695,LOCAL,DEPLOY,0.8129245772746836,4
696,B1,DEPLOY,0.8928078988853563,3
697,HYBRID,DEPLOY,0.9641490212878767,11
698,HYBRID,DEPLOY,0.9363376546200696,7
699,HYBRID,DEPLOY,0.8710395397786794,10
700,HYBRID,DEPLOY,1.0,11
701,HYBRID,DEPLOY,0.8835108683452684,7
702,HYBRID,DEPLOY,1.0,7
703,HYBRID,LEARN_UCB,0.8311706647534294,10
704,HYBRID,DEPLOY,0.9563781243124051,7
705,B1,LEARN_UCB,0.8161900050482288,5
706,GLOBAL,DEPLOY,0.8597307744258518,1
707,HYBRID,DEPLOY,0.8750642815747962,0
708,GLOBAL,DEPLOY,0.904910556017678,8
709,HYBRID,DEPLOY,0.8621081896088593,0
710,HYBRID,DEPLOY,0.9061896984964486,10
711,B1,DEPLOY,0.796697931941092,5
712,HYBRID,DEPLOY,0.8329324534786138,7
713,LOCAL,DEPLOY,0.849773405836228,2
714,GLOBAL,DEPLOY,0.8821312303744502,1
715,HYBRID,DEPLOY,0.9529829989150305,7
716,HYBRID,DEPLOY,0.97733072746905,11
717,HYBRID,DEPLOY,0.7991449159876172,10
718,LOCAL,DEPLOY,0.9223747140119086,4
719,B1,DEPLOY,0.861266286304749,6
720,HYBRID,DEPLOY,0.855717888539555,9
721,HYBRID,DEPLOY,0.9280952282961576,7
722,LOCAL,DEPLOY,0.8961004108163624,2
723,B1,DEPLOY,0.8170831723879053,5
724,LOCAL,DEPLOY,0.860116379041285,4
725,LOCAL,DEPLOY,0.8159724077492763,4
726,HYBRID,DEPLOY,0.8450568876818133,7
727,HYBRID,DEPLOY,0.952094600885967,9
728,HYBRID,DEPLOY,0.9230255333725478,10
729,LOCAL,DEPLOY,0.7737787461870823,2
730,HYBRID,DEPLOY,0.9775469329584401,7
731,HYBRID,DEPLOY,0.9394869444411951,0
732,B1,DEPLOY,0.7956556695976227,5
733,GLOBAL,DEPLOY,0.8815857560242889,8
734,HYBRID,DEPLOY,0.9330178290130786,0
735,HYBRID,DEPLOY,0.8960112462619891,0
736,GLOBAL,DEPLOY,0.8991083797459092,8
737,B1,DEPLOY,0.8083820473833448,5
738,HYBRID,LEARN_UCB,1.0,11
739,HYBRID,DEPLOY,0.9681730507220045,11
740,HYBRID,DEPLOY,0.9122679749809817,7
741,GLOBAL,DEPLOY,0.8606670180540136,8
742,HYBRID,DEPLOY,0.9884529148036667,11
743,B1,DEPLOY,0.7998852013340542,6
744,HYBRID,DEPLOY,0.8666573504974225,10
745,GLOBAL,DEPLOY,0.8878414190152417,1
746,HYBRID,DEPLOY,0.9165465763001487,7
747,HYBRID,DEPLOY,0.9048438305340504,9
748,B1,DEPLOY,0.7739991833102137,5
749,HYBRID,DEPLOY,0.7886428350866692,10
750,HYBRID,DEPLOY,0.928890408032264,7
751,HYBRID,DEPLOY,0.9824779237466957,11
752,B1,DEPLOY,0.8360308831014506,3
753,B1,DEPLOY,0.817380219937963,3
754,B1,DEPLOY,0.8496895760180677,3
755,B1,LEARN_UCB,0.864646788016598,6
756,B1,DEPLOY,0.9108687983343773,5
757,B1,DEPLOY,0.8491012184363498,3
758,LOCAL,DEPLOY,0.9103326515516307,4
759,HYBRID,DEPLOY,0.8950355066814509,10
760,HYBRID,LEARN_UCB,0.9501787445504324,10
761,GLOBAL,DEPLOY,0.849550929552642,1
762,GLOBAL,DEPLOY,0.8889055540273078,8
763,HYBRID,DEPLOY,0.9418051880695899,9
764,GLOBAL,DEPLOY,0.7881761954947104,1
765,LOCAL,DEPLOY,0.7912070901387205,2
766,GLOBAL,DEPLOY,0.8934195807983308,8
767,LOCAL,DEPLOY,0.7998080894486266,2
768,HYBRID,DEPLOY,0.8216112860892812,7
769,LOCAL,DEPLOY,0.8680084376693618,2
770,LOCAL,DEPLOY,0.8924241428452998,2
771,B1,DEPLOY,0.8836907119439829,6
772,HYBRID,DEPLOY,0.9050685567514775,7
773,GLOBAL,DEPLOY,0.7485140498304694,1
774,HYBRID,DEPLOY,0.9231826187105715,7
775,B1,DEPLOY,0.7805541597980071,3
776,GLOBAL,DEPLOY,0.8415930109385641,1
777,GLOBAL,DEPLOY,0.8188113707976757,1
778,B1,DEPLOY,0.7985711092031061,5
779,LOCAL,DEPLOY,0.9112370679941939,2
780,LOCAL,DEPLOY,0.8199626641171021,4
781,HYBRID,DEPLOY,0.9563524360213705,10
782,B1,DEPLOY,0.8437378270856003,5
783,HYBRID,DEPLOY,1.0,0
784,GLOBAL,DEPLOY,0.8175896104986666,1
785,HYBRID,DEPLOY,0.9201672365626669,7
786,HYBRID,DEPLOY,0.9395627036506755,9
787,GLOBAL,DEPLOY,0.8971616298702004,8
788,B1,DEPLOY,0.8386812834071843,3
789,HYBRID,DEPLOY,0.9557128670967813,11
790,HYBRID,DEPLOY,0.9567695536707254,9
791,HYBRID,DEPLOY,0.9582034631908546,7
792,B1,DEPLOY,0.786653953644898,5
793,GLOBAL,DEPLOY,0.8364705302181454,8
794,HYBRID,DEPLOY,0.9912981764035812,7
795,B1,DEPLOY,0.8746417690752892,3
796,B1,DEPLOY,0.8143748673382212,5
797,B1,DEPLOY,0.9345431549861666,3
798,HYBRID,DEPLOY,0.9021174967907156,7
799,GLOBAL,DEPLOY,0.8571944734100673,1
