episode_id,context_g,context_l,context_t,selected,gate_mode,prototype_id,observed_reward,expected_selected,b1_expected,oracle,oracle_expected,regret,b1_regret,memory_advantage,shifted
200000,0.18266837252023138,0.6330954374680394,0.5022581692727364,B1,MEMORY,9,0.7938957454509101,0.8490561615750849,0.8490561615750849,LOCAL,0.8619335445838432,0.012877383008758292,0.012877383008758292,0.0,1
200001,0.366788410661372,0.1678158158425478,0.26790562450094735,B1,MEMORY,2,0.8863835871835092,0.859798417394532,0.859798417394532,B1,0.859798417394532,0.0,0.0,0.0,1
200002,0.9017824750514133,0.2229266015781971,0.8689990850814285,B1,MEMORY,8,0.8340454515008828,0.8454514935253999,0.8454514935253999,GLOBAL,0.8848651598132988,0.039413666287898885,0.039413666287898885,0.0,1
200003,0.7375322076894876,0.19760018478270303,0.07068142342603423,B1,MEMORY,1,0.7741449350438151,0.8246326951044985,0.8246326951044985,B1,0.8246326951044985,0.0,0.0,0.0,1
200004,0.8300528592544242,0.003913753565628841,0.04355454003655479,B1,MEMORY,1,0.7776382933284387,0.8006510531463586,0.8006510531463586,GLOBAL,0.8764941790367463,0.07584312589038766,0.07584312589038766,0.0,1
200005,0.04254076962951392,0.4929144158699268,0.158363877944509,B1,MEMORY,2,0.775485020063514,0.8353046634185474,0.8353046634185474,LOCAL,0.842805948543199,0.0075012851246516465,0.0075012851246516465,0.0,1
200006,0.07471833729408939,0.8418539844932027,0.7690139818270558,B1,MEMORY,0,0.8503679028363866,0.8343897074971531,0.8343897074971531,LOCAL,0.9357751949526546,0.10138548745550147,0.10138548745550147,0.0,1
200007,0.3404416972648384,0.7623624500026963,0.128178095531425,B1,MEMORY,4,0.8184923108252862,0.8363734636022284,0.8363734636022284,LOCAL,0.8968812619631665,0.060507798360938114,0.060507798360938114,0.0,1
200008,0.3057185776776896,0.27000986063354726,0.8432676812724756,B1,MEMORY,7,0.9046189721485893,0.8958740098873677,0.8958740098873677,B1,0.8958740098873677,0.0,0.0,0.0,1
200009,0.18915445102539663,0.7288315926176088,0.14416213002310374,B1,MEMORY,9,0.8739323854376699,0.8275923138735473,0.8275923138735473,LOCAL,0.9034910275400703,0.07589871366652301,0.07589871366652301,0.0,1
200010,0.9872148362031437,0.46271640257924207,0.43945067294438156,B1,MEMORY,1,0.846135918722586,0.8406181522278631,0.8406181522278631,GLOBAL,0.8558247531884701,0.015206600960606997,0.015206600960606997,0.0,1
200011,0.6431719185422973,0.6014918200786042,0.28135572117859564,B1,MEMORY,4,0.9173412522211353,0.8729198209700484,0.8729198209700484,B1,0.8729198209700484,0.0,0.0,0.0,1
200012,0.2787656137059351,0.468085774391677,0.8097686675281454,B1,MEMORY,7,0.9050509778103419,0.8822451338462666,0.8822451338462666,B1,0.8822451338462666,0.0,0.0,0.0,1
200013,0.26943926962693776,0.20192336072668904,0.8288143683492607,B1,MEMORY,7,0.8435585091302645,0.8927513020219505,0.8927513020219505,B1,0.8927513020219505,0.0,0.0,0.0,1
200014,0.5802523063787338,0.6343791070979818,0.2765980867546296,B1,MEMORY,4,0.8501162440445503,0.8717337794126453,0.8717337794126453,B1,0.8717337794126453,0.0,0.0,0.0,1
200015,0.4461083392964956,0.03171453569578697,0.05555350481204058,B1,MEMORY,1,0.842122534435759,0.8340706359044249,0.8340706359044249,B1,0.8340706359044249,0.0,0.0,0.0,1
200016,0.5193875336393473,0.18955489300807615,0.6042281476599443,B1,MEMORY,5,0.8317695891905516,0.8627825146558961,0.8627825146558961,B1,0.8627825146558961,0.0,0.0,0.0,1
200017,0.3321586734664068,0.5675649519390673,0.07891949514815033,B1,MEMORY,4,0.817524492197832,0.8493242775281132,0.8493242775281132,B1,0.8493242775281132,0.0,0.0,0.0,1
200018,0.6232159163770963,0.1274772134014287,0.5084261901163808,B1,MEMORY,1,0.8927023275075496,0.8456779513666018,0.8456779513666018,B1,0.8456779513666018,0.0,0.0,0.0,1
200019,0.3323176128231625,0.08824230971031932,0.20129425854214555,B1,MEMORY,2,0.8244557743313458,0.8535257460926584,0.8535257460926584,B1,0.8535257460926584,0.0,0.0,0.0,1
200020,0.36113715923181333,0.7302139924922769,0.8423570101869092,B1,MEMORY,0,0.8373311228041056,0.8691681337466393,0.8691681337466393,HYBRID,0.8756136765449927,0.00644554279835341,0.00644554279835341,0.0,1
200021,0.9659838475810993,0.7919083820555094,0.2623505245304417,B1,MEMORY,6,0.8283259585068169,0.8615679837391705,0.8615679837391705,B1,0.8615679837391705,0.0,0.0,0.0,1
200022,0.45308319750607584,0.8638614779321525,0.8631242228039978,B1,MEMORY,0,0.8766076763838835,0.8666627064780739,0.8666627064780739,HYBRID,0.8979921447216596,0.031329438243585694,0.031329438243585694,0.0,1
200023,0.6907515393160533,0.9708038721968965,0.7659140353272696,B1,MEMORY,3,0.8488492316030543,0.8732323747826234,0.8732323747826234,HYBRID,0.9186491479466296,0.04541677316400616,0.04541677316400616,0.0,1
200024,0.7837988428301578,0.3164509646706406,0.5512459741641684,B1,MEMORY,5,0.8300169953330667,0.8496620087138054,0.8496620087138054,B1,0.8496620087138054,0.0,0.0,0.0,1
200025,0.9370546350116922,0.6663143864284938,0.6155531657551772,B1,MEMORY,3,0.8696331536724847,0.8679629067435513,0.8679629067435513,HYBRID,0.8683881644760861,0.0004252577325348783,0.0004252577325348783,0.0,1
200026,0.2706887220424701,0.16256168811247562,0.6339302207639441,B1,MEMORY,7,0.9177031065666355,0.8817070461161582,0.8817070461161582,B1,0.8817070461161582,0.0,0.0,0.0,1
200027,0.8707272503041517,0.37015779848440855,0.28906289528808815,B1,MEMORY,1,0.8581817583234064,0.8365169596659442,0.8365169596659442,B1,0.8365169596659442,0.0,0.0,0.0,1
200028,0.22122713285850115,0.5404881348418729,0.8632970009126608,B1,MEMORY,0,0.8969364525951846,0.8739909998778367,0.8739909998778367,B1,0.8739909998778367,0.0,0.0,0.0,1
200029,0.5736831440647249,0.2893822558161713,0.05861610661802952,B1,MEMORY,1,0.8559128685963098,0.8446005732048368,0.8446005732048368,B1,0.8446005732048368,0.0,0.0,0.0,1
200030,0.8150267140018388,0.4357046053934879,0.6656110676166634,B1,MEMORY,5,0.86460653630625,0.8612786740159986,0.8612786740159986,B1,0.8612786740159986,0.0,0.0,0.0,1
200031,0.9822677199395853,0.5683193556850575,0.8276241959905689,B1,MEMORY,3,0.8363769845158829,0.8649890986992607,0.8649890986992607,HYBRID,0.873333420257088,0.008344321557827383,0.008344321557827383,0.0,1
200032,0.43568355527868985,0.25170363187823463,0.27009038685902254,B1,MEMORY,2,0.8100837155317004,0.8610852216023246,0.8610852216023246,B1,0.8610852216023246,0.0,0.0,0.0,1
200033,0.9511883346785733,0.802463035031568,0.06006146326171058,B1,MEMORY,6,0.8338104361322937,0.855504434558708,0.855504434558708,B1,0.855504434558708,0.0,0.0,0.0,1
200034,0.013223148536102514,0.8065829135385468,0.3863502031662164,B1,MEMORY,9,0.7633086598962545,0.8169852269264531,0.8169852269264531,LOCAL,0.9429950775484018,0.1260098506219487,0.1260098506219487,0.0,1
200035,0.3322586576662483,0.17130868358242313,0.6586178608871399,B1,MEMORY,7,0.8631360616269582,0.8784687165087796,0.8784687165087796,B1,0.8784687165087796,0.0,0.0,0.0,1
200036,0.3098506766413264,0.7345002096875576,0.936140070117219,B1,MEMORY,0,0.7855859738016162,0.8684736401609903,0.8684736401609903,HYBRID,0.8820818928532036,0.01360825269221333,0.01360825269221333,0.0,1
200037,0.7573296871651797,0.7903470230169961,0.4283801517585718,B1,MEMORY,6,0.8086492695526305,0.8794938192021976,0.8794938192021976,B1,0.8794938192021976,0.0,0.0,0.0,1
200038,0.20729054541842862,0.32437902499245497,0.9990524627363088,B1,MEMORY,7,0.8554365060672889,0.8955950201435302,0.8955950201435302,B1,0.8955950201435302,0.0,0.0,0.0,1
200039,0.5403759008387774,0.7046659287210298,0.3989454074462019,B1,MEMORY,4,0.8351296038082936,0.8678146140672679,0.8678146140672679,B1,0.8678146140672679,0.0,0.0,0.0,1
200040,0.04668758065564371,0.20894981559981696,0.5321223073132961,B1,MEMORY,7,0.9140803971518546,0.873303913496998,0.873303913496998,B1,0.873303913496998,0.0,0.0,0.0,1
200041,0.8306286734291874,0.7882067917133148,0.29829365930587104,B1,MEMORY,6,0.8107885308876213,0.873537995834965,0.873537995834965,B1,0.873537995834965,0.0,0.0,0.0,1
200042,0.8382178360309386,0.8320261573869819,0.14799709693945529,B1,MEMORY,6,0.8485973631795924,0.8704245495860617,0.8704245495860617,B1,0.8704245495860617,0.0,0.0,0.0,1
200043,0.5782724787109685,0.6536039714552343,0.7393781109322903,B1,MEMORY,3,0.8422849268641366,0.8885486050177503,0.8885486050177503,B1,0.8885486050177503,0.0,0.0,0.0,1
200044,0.3111209297395744,0.3662443392123145,0.012050338268818184,B1,MEMORY,2,0.8508256725097274,0.8610721407729336,0.8610721407729336,B1,0.8610721407729336,0.0,0.0,0.0,1
200045,0.8502832255352466,0.6951934065796282,0.011167187352333352,B1,MEMORY,6,0.851810395367269,0.8530395019776439,0.8530395019776439,B1,0.8530395019776439,0.0,0.0,0.0,1
200046,0.05761218451692385,0.8590412730859929,0.1291827451269656,B1,MEMORY,9,0.7968247958874812,0.8060529827195532,0.8060529827195532,LOCAL,0.962694675622538,0.1566416929029848,0.1566416929029848,0.0,1
200047,0.18782432550276495,0.8869128005505228,0.7890783512198528,B1,MEMORY,0,0.7362002985690279,0.8406360560449735,0.8406360560449735,LOCAL,0.9364699545847451,0.09583389853977164,0.09583389853977164,0.0,1
200048,0.7938735882359629,0.8488534275321853,0.518426480553798,B1,MEMORY,3,0.895425888985875,0.8813386720784542,0.8813386720784542,HYBRID,0.8895068106926269,0.00816813861417276,0.00816813861417276,0.0,1
200049,0.45534246391801203,0.8684462954079134,0.7500561676261573,B1,MEMORY,0,0.8457348060141374,0.8619539401858541,0.8619539401858541,LOCAL,0.8994444967856653,0.03749055659981115,0.03749055659981115,0.0,1
200050,0.9559164355589337,0.1381853559389583,0.5722610004075092,B1,MEMORY,8,0.7977668606741106,0.8224719536467023,0.8224719536467023,GLOBAL,0.9035964463073148,0.0811244926606125,0.0811244926606125,0.0,1
200051,0.1332401625336056,0.607237207401822,0.4719859377550617,B1,MEMORY,9,0.7445677562728962,0.8459596739207452,0.8459596739207452,LOCAL,0.8602398808059168,0.01428020688517162,0.01428020688517162,0.0,1
200052,0.2058482264578786,0.3162438198574534,0.3405450740221113,B1,MEMORY,2,0.9029202893498546,0.8697901554889185,0.8697901554889185,B1,0.8697901554889185,0.0,0.0,0.0,1
200053,0.8757601133134021,0.277775033001588,0.49124203637718566,B1,MEMORY,1,0.8567173505076777,0.8368108750301423,0.8368108750301423,GLOBAL,0.8579908852725461,0.02118001024240379,0.02118001024240379,0.0,1
200054,0.7767272849312948,0.6468625918167367,0.18572992856572101,B1,MEMORY,6,0.8890827821306876,0.8620400216934642,0.8620400216934642,B1,0.8620400216934642,0.0,0.0,0.0,1
200055,0.2274553836584301,0.02400006255024678,0.7249176927795503,B1,MEMORY,7,0.9019575015284212,0.8777202820225274,0.8777202820225274,B1,0.8777202820225274,0.0,0.0,0.0,1
200056,0.5207752830264137,0.1316099677517676,0.23450832219876117,B1,MEMORY,1,0.8615169458761492,0.8432471076659788,0.8432471076659788,B1,0.8432471076659788,0.0,0.0,0.0,1
200057,0.5568573948612776,0.04987995632596165,0.08734484508532991,B1,MEMORY,1,0.8313939719817522,0.827935598720588,0.827935598720588,B1,0.827935598720588,0.0,0.0,0.0,1
200058,0.40256217449562537,0.2146801305256676,0.29998241831567374,B1,MEMORY,2,0.8092041715019904,0.8619687332150303,0.8619687332150303,B1,0.8619687332150303,0.0,0.0,0.0,1
200059,0.7776124267649419,0.3028850281946831,0.7402050392965576,B1,MEMORY,5,0.8383223280420937,0.8566300096862416,0.8566300096862416,B1,0.8566300096862416,0.0,0.0,0.0,1
200060,0.8353223592975706,0.5776630201833612,0.7880872366332278,B1,MEMORY,3,0.853831043698844,0.8759107423361924,0.8759107423361924,B1,0.8759107423361924,0.0,0.0,0.0,1
200061,0.037869521626486935,0.4302143126617539,0.07374660033900671,B1,MEMORY,2,0.7909154410012433,0.8365622807307389,0.8365622807307389,B1,0.8365622807307389,0.0,0.0,0.0,1
200062,0.7878024806683268,0.50142273899769,0.27214248194717505,B1,MEMORY,6,0.855857900039711,0.852975319944236,0.852975319944236,B1,0.852975319944236,0.0,0.0,0.0,1
200063,0.35024421994773214,0.11056814897443445,0.9783019655802215,B1,MEMORY,7,0.9109474448841786,0.884957992945345,0.884957992945345,B1,0.884957992945345,0.0,0.0,0.0,1
200064,0.3400114590515656,0.3975262066831817,0.03382754332197846,B1,MEMORY,2,0.819448304267186,0.86175192192235,0.86175192192235,B1,0.86175192192235,0.0,0.0,0.0,1
200065,0.3043414441882907,0.45604700765487505,0.4829582040319157,B1,MEMORY,7,0.7779220216597175,0.87218188308395,0.87218188308395,B1,0.87218188308395,0.0,0.0,0.0,1
200066,0.8181035212167359,0.7302957533929135,0.9650103099517201,B1,MEMORY,3,0.9475408741563598,0.896575790972163,0.896575790972163,HYBRID,0.9254983174484546,0.028922526476291566,0.028922526476291566,0.0,1
200067,0.768890180065222,0.3304461517673263,0.00915805400139924,B1,MEMORY,1,0.8816050798087259,0.8302907998962243,0.8302907998962243,B1,0.8302907998962243,0.0,0.0,0.0,1
200068,0.8005154445670393,0.22770017851495994,0.5364652148352084,B1,MEMORY,1,0.8243769752927729,0.840633387309242,0.840633387309242,GLOBAL,0.8477959434700928,0.007162556160850819,0.007162556160850819,0.0,1
200069,0.6452865233096301,0.28234466156707105,0.5785757324290043,B1,MEMORY,5,0.8383144026524476,0.8591076803577554,0.8591076803577554,B1,0.8591076803577554,0.0,0.0,0.0,1
200070,0.4086232544158305,0.49526733841270554,0.1701956115415355,B1,MEMORY,4,0.804803136024334,0.8648762977419114,0.8648762977419114,B1,0.8648762977419114,0.0,0.0,0.0,1
200071,0.37289213617772565,0.5279225695797384,0.024558078389930516,B1,MEMORY,4,0.7907147494426251,0.8535798884634362,0.8535798884634362,B1,0.8535798884634362,0.0,0.0,0.0,1
200072,0.40009470067577346,0.3519609723654755,0.18456745548076525,B1,MEMORY,2,0.8764879803306144,0.8685319999544069,0.8685319999544069,B1,0.8685319999544069,0.0,0.0,0.0,1
200073,0.39342308178294316,0.1925807778800397,0.5771327097514815,B1,MEMORY,7,0.8521399585220519,0.8720179240778271,0.8720179240778271,B1,0.8720179240778271,0.0,0.0,0.0,1
200074,0.4256719258517021,0.6563354195273811,0.9030026813223909,B1,MEMORY,0,0.8404026836027918,0.8826670277588413,0.8826670277588413,HYBRID,0.8834343479060477,0.000767320147206374,0.000767320147206374,0.0,1
200075,0.35159524313381285,0.15700818031998287,0.624571282551939,B1,MEMORY,7,0.9811266071153222,0.8744158862769712,0.8744158862769712,B1,0.8744158862769712,0.0,0.0,0.0,1
200076,0.2965683491522264,0.25968678626822794,0.04382198364746703,B1,MEMORY,2,0.8409552502726056,0.8638023543151788,0.8638023543151788,B1,0.8638023543151788,0.0,0.0,0.0,1
200077,0.4263110796431765,0.5983071130084031,0.9622179468963673,B1,MEMORY,0,0.809020054201824,0.8897290352066366,0.8897290352066366,B1,0.8897290352066366,0.0,0.0,0.0,1
200078,0.5011537310187706,0.4281101579630171,0.3639984385412097,B1,MEMORY,4,0.8565654802300103,0.8737164516971881,0.8737164516971881,B1,0.8737164516971881,0.0,0.0,0.0,1
200079,0.3680650412233467,0.9561229301508593,0.7505992099706518,B1,MEMORY,0,0.8085052514271901,0.847979337284625,0.847979337284625,LOCAL,0.9388347857038625,0.09085544841923743,0.09085544841923743,0.0,1
200080,0.29763190481193535,0.43997734519067866,0.31116056476612763,B1,MEMORY,2,0.8360573949073125,0.8660587873603457,0.8660587873603457,B1,0.8660587873603457,0.0,0.0,0.0,1
200081,0.9091042780308592,0.4810609933260517,0.9105354661088254,B1,MEMORY,8,0.9284274272357604,0.8671779558679684,0.8671779558679684,HYBRID,0.8672943690376522,0.00011641316968380444,0.00011641316968380444,0.0,1
200082,0.588793440278077,0.492454599874827,0.28462819412458196,B1,MEMORY,4,0.864374136445756,0.8686780205327232,0.8686780205327232,B1,0.8686780205327232,0.0,0.0,0.0,1
200083,0.5878778099047219,0.6953525859194064,0.238137862032476,B1,MEMORY,4,0.871381961086404,0.8659275324001243,0.8659275324001243,B1,0.8659275324001243,0.0,0.0,0.0,1
200084,0.6169943190730502,0.263535256956815,0.5421939865358646,B1,MEMORY,5,0.8429330722743386,0.8584110344921357,0.8584110344921357,B1,0.8584110344921357,0.0,0.0,0.0,1
200085,0.6853878982670696,0.9624157912650619,0.30317221978580366,B1,MEMORY,6,0.8238268853280734,0.8549646573515929,0.8549646573515929,LOCAL,0.916255496731848,0.06129083938025515,0.06129083938025515,0.0,1
200086,0.8381431659433394,0.2061491775163038,0.9767635861514841,B1,MEMORY,8,0.8427680734900446,0.8535110243718965,0.8535110243718965,GLOBAL,0.8742362623272043,0.020725237955307785,0.020725237955307785,0.0,1
200087,0.919897580594463,0.03982510016318952,0.5984199000472764,B1,MEMORY,8,0.7896919593870131,0.8185309975673892,0.8185309975673892,GLOBAL,0.9107539519298683,0.09222295436247907,0.09222295436247907,0.0,1
200088,0.9547850044644813,0.9642789391532387,0.15344626506415293,B1,MEMORY,6,0.8812126758117665,0.8703783358274656,0.8703783358274656,LOCAL,0.8890344614329065,0.018656125605440943,0.018656125605440943,0.0,1
200089,0.7437932893521034,0.11851139887006057,0.41387117141450214,B1,MEMORY,1,0.8244105196140366,0.8315322956180167,0.8315322956180167,GLOBAL,0.8468405665547724,0.015308270936755686,0.015308270936755686,0.0,1
200090,0.13219731184885242,0.5150980745509378,0.36350203254127667,B1,MEMORY,2,0.8040425990792396,0.8489080202854843,0.8489080202854843,B1,0.8489080202854843,0.0,0.0,0.0,1
200091,0.08199333622359894,0.17187917323847424,0.7781115786752436,B1,MEMORY,7,0.880779638224579,0.8889335961858198,0.8889335961858198,B1,0.8889335961858198,0.0,0.0,0.0,1
200092,0.6443351039387857,0.16991234417159795,0.6943806370838922,B1,MEMORY,5,0.8449232940063489,0.8548214047019806,0.8548214047019806,B1,0.8548214047019806,0.0,0.0,0.0,1
200093,0.06623498457278709,0.5463488658875965,0.9707477904832014,B1,MEMORY,0,0.8941788346662096,0.8654208011141433,0.8654208011141433,B1,0.8654208011141433,0.0,0.0,0.0,1
200094,0.03152835862835501,0.9114008317103742,0.7956458204453362,B1,MEMORY,0,0.7912160302522447,0.826436034971252,0.826436034971252,LOCAL,0.9631094968156608,0.13667346184440887,0.13667346184440887,0.0,1
200095,0.8276063058758393,0.6921131152824871,0.6052921048027078,B1,MEMORY,3,0.8959622036929163,0.8783722289446402,0.8783722289446402,B1,0.8783722289446402,0.0,0.0,0.0,1
200096,0.162816648134397,0.6048149020629187,0.45279308320169664,B1,MEMORY,9,0.9324022882996326,0.8477518630137861,0.8477518630137861,LOCAL,0.8564671274085847,0.008715264394798528,0.008715264394798528,0.0,1
200097,0.4261825888619064,0.07582908132365984,0.4265900608846269,B1,MEMORY,1,0.8652935051516422,0.8540353218323253,0.8540353218323253,B1,0.8540353218323253,0.0,0.0,0.0,1
200098,0.6156254614504262,0.2258419675567046,0.907461768211883,B1,MEMORY,8,0.9078815715913819,0.8701157912169777,0.8701157912169777,B1,0.8701157912169777,0.0,0.0,0.0,1
200099,0.5512762036448683,0.0030627086125359915,0.008881974305415596,B1,MEMORY,1,0.8093468263211636,0.8214981993696301,0.8214981993696301,B1,0.8214981993696301,0.0,0.0,0.0,1
200100,0.9210487483975021,0.09671606313652592,0.45283408085324983,B1,MEMORY,1,0.788945936784601,0.817166748413252,0.817166748413252,GLOBAL,0.8975831269071038,0.08041637849385186,0.08041637849385186,0.0,1
200101,0.2220199546965077,0.546776902418138,0.16497488853227615,B1,MEMORY,2,0.7973190844873567,0.8456184397235607,0.8456184397235607,B1,0.8456184397235607,0.0,0.0,0.0,1
200102,0.10895757947241058,0.2529846017481022,0.8949360410669412,B1,MEMORY,7,0.8305713916441886,0.8892752798606224,0.8892752798606224,B1,0.8892752798606224,0.0,0.0,0.0,1
200103,0.3608289199518959,0.9026894904531509,0.6205814270444621,B1,MEMORY,0,0.8641694230326907,0.8464744114416781,0.8464744114416781,LOCAL,0.9259706186439783,0.07949620720230022,0.07949620720230022,0.0,1
200104,0.9428185324367704,0.4112166227707533,0.9465335864465002,B1,MEMORY,8,0.8445025754237255,0.8603331906845786,0.8603331906845786,GLOBAL,0.8677341663836349,0.007400975699056289,0.007400975699056289,0.0,1
200105,0.6833021687364057,0.8897531258487198,0.4825971578128948,B1,MEMORY,3,0.8203852741581004,0.8677878097435306,0.8677878097435306,LOCAL,0.887144356547322,0.019356546803791397,0.019356546803791397,0.0,1
200106,0.30187591840823436,0.4590172009208624,0.33879174301528514,B1,MEMORY,2,0.8609678127297169,0.8659803671196011,0.8659803671196011,B1,0.8659803671196011,0.0,0.0,0.0,1
200107,0.8435769086723686,0.18604266791326696,0.37869851236472485,B1,MEMORY,1,0.8415923553849138,0.8275452012338609,0.8275452012338609,GLOBAL,0.860924124759635,0.033378923525774096,0.033378923525774096,0.0,1
200108,0.6790550589988943,0.7973522548403705,0.7581123565578112,B1,MEMORY,3,0.8955321194873467,0.8858607185949944,0.8858607185949944,HYBRID,0.9026671690740564,0.01680645047906204,0.01680645047906204,0.0,1
200109,0.1625051442163573,0.6414472055572675,0.4062602898309041,B1,MEMORY,9,0.8804264598607584,0.8429350466859633,0.8429350466859633,LOCAL,0.8699891518330083,0.027054105147044982,0.027054105147044982,0.0,1
200110,0.15951998844872584,0.8008851978541529,0.21195376917388253,B1,MEMORY,9,0.8084818006889428,0.8221689340145212,0.8221689340145212,LOCAL,0.9287911036028069,0.10662216958828574,0.10662216958828574,0.0,1
200111,0.9310152267370178,0.25408913246204134,0.8129990618497807,B1,MEMORY,8,0.8568226740515364,0.8433658749319932,0.8433658749319932,GLOBAL,0.8857996696131915,0.042433794681198234,0.042433794681198234,0.0,1
200112,0.24392174739465067,0.6014512459473335,0.4628778840540454,B1,MEMORY,9,0.8410885029090773,0.8549127554779472,0.8549127554779472,B1,0.8549127554779472,0.0,0.0,0.0,1
200113,0.4786180128404618,0.6363654029318148,0.3157585526995953,B1,MEMORY,4,0.8980303712558657,0.8650105509006757,0.8650105509006757,B1,0.8650105509006757,0.0,0.0,0.0,1
200114,0.1027364788269205,0.3155761812977954,0.12971903588135725,B1,MEMORY,2,0.8456360839942068,0.8531615852375843,0.8531615852375843,B1,0.8531615852375843,0.0,0.0,0.0,1
200115,0.023717260160531328,0.33195456593461437,0.5900377255091971,B1,MEMORY,7,0.8995151345740947,0.8639425245584412,0.8639425245584412,B1,0.8639425245584412,0.0,0.0,0.0,1
200116,0.032091841263353404,0.9297661344304383,0.25453695058211045,B1,MEMORY,9,0.7596278187241864,0.8033675345699176,0.8033675345699176,LOCAL,0.985335694892979,0.1819681603230614,0.1819681603230614,0.0,1
200117,0.6440536911291085,0.1302824786891762,0.6603246182547804,B1,MEMORY,5,0.8055899758791027,0.8503112877349968,0.8503112877349968,B1,0.8503112877349968,0.0,0.0,0.0,1
200118,0.009926107998299738,0.9125832270669219,0.6213256825494382,B1,MEMORY,0,0.7910060066115492,0.8176404577764879,0.8176404577764879,LOCAL,0.9713215614958052,0.1536811037193173,0.1536811037193173,0.0,1
200119,0.345902506329577,0.8994704362053239,0.41958163392059966,B1,MEMORY,9,0.7660197036764417,0.8374978309667642,0.8374978309667642,LOCAL,0.9327294941705897,0.09523166320382548,0.09523166320382548,0.0,1
200120,0.577813786733087,0.7159852733908677,0.7385067398829056,B1,MEMORY,3,0.9148943849899296,0.8834865506626938,0.8834865506626938,HYBRID,0.883681009330527,0.0001944586678331861,0.0001944586678331861,0.0,1
200121,0.11704212824656113,0.3181681622432855,0.6064494785871456,B1,MEMORY,7,0.8580791957731908,0.8731678964237479,0.8731678964237479,B1,0.8731678964237479,0.0,0.0,0.0,1
200122,0.18277564728193607,0.39931557348207647,0.2933427042866995,B1,MEMORY,2,0.9127738066887264,0.8594105140754569,0.8594105140754569,B1,0.8594105140754569,0.0,0.0,0.0,1
200123,0.15393031330040408,0.45078301388097164,0.6239836301793572,B1,MEMORY,7,0.884890566802601,0.8662111291607288,0.8662111291607288,B1,0.8662111291607288,0.0,0.0,0.0,1
200124,0.03842495953618408,0.34486197195711854,0.1065253661545903,B1,MEMORY,2,0.8366437608588494,0.8447460536525089,0.8447460536525089,B1,0.8447460536525089,0.0,0.0,0.0,1
200125,0.2554984548413999,0.6164829558447323,0.7102697507956333,B1,MEMORY,0,0.9397960946078108,0.8645320299515588,0.8645320299515588,B1,0.8645320299515588,0.0,0.0,0.0,1
200126,0.5538544697327082,0.6093170842964111,0.4915988643161894,B1,MEMORY,4,0.9224385035306893,0.8802269454075514,0.8802269454075514,B1,0.8802269454075514,0.0,0.0,0.0,1
200127,0.07074935654115067,0.11937283668860332,0.8617021612541615,B1,MEMORY,7,0.8740087906302536,0.8955782080383703,0.8955782080383703,B1,0.8955782080383703,0.0,0.0,0.0,1
200128,0.06315216839200077,0.9762479862494515,0.9088645546683028,B1,MEMORY,0,0.8471461130026553,0.8283069167581362,0.8283069167581362,LOCAL,0.9773176386152299,0.14901072185709374,0.14901072185709374,0.0,1
200129,0.8046656465088925,0.32173425140086254,0.8973297224194396,B1,MEMORY,8,0.8390825477513258,0.8622586772881352,0.8622586772881352,B1,0.8622586772881352,0.0,0.0,0.0,1
200130,0.511225215288386,0.2416804716587715,0.8234821322559949,B1,MEMORY,5,0.8752803154260556,0.8763757057998707,0.8763757057998707,B1,0.8763757057998707,0.0,0.0,0.0,1
200131,0.9220246800510741,0.10161450429316832,0.047746894453804645,B1,MEMORY,1,0.7695071750363368,0.8012770617175198,0.8012770617175198,GLOBAL,0.8849005029599865,0.08362344124246668,0.08362344124246668,0.0,1
200132,0.36842564283878054,0.6622723097509212,0.5846534427008416,B1,MEMORY,0,0.8660391208448729,0.8648784043550625,0.8648784043550625,B1,0.8648784043550625,0.0,0.0,0.0,1
200133,0.48075472128944474,0.13751033226875486,0.03256572568018912,B1,MEMORY,1,0.8180854530353906,0.8388430779055525,0.8388430779055525,B1,0.8388430779055525,0.0,0.0,0.0,1
200134,0.08558988546060464,0.3763476422238411,0.3740499030766107,B1,MEMORY,2,0.853615141052845,0.8567013755820055,0.8567013755820055,B1,0.8567013755820055,0.0,0.0,0.0,1
200135,0.49519088962786073,0.5584782166167965,0.6288663207778504,B1,MEMORY,5,0.9433695993874036,0.8850916666719992,0.8850916666719992,B1,0.8850916666719992,0.0,0.0,0.0,1
200136,0.49698536878815436,0.3934138683163433,0.705445836302438,B1,MEMORY,5,0.8415194848287071,0.8849321134143526,0.8849321134143526,B1,0.8849321134143526,0.0,0.0,0.0,1
200137,0.43768520760652674,0.16679893275877855,0.9720772639632091,B1,MEMORY,7,0.8936459891430345,0.8822121885707085,0.8822121885707085,B1,0.8822121885707085,0.0,0.0,0.0,1
200138,0.005058947643423184,0.45742158436031644,0.13813704496237944,B1,MEMORY,2,0.8477749718702251,0.8343364708611438,0.8343364708611438,LOCAL,0.8361979377728223,0.0018614669116784333,0.0018614669116784333,0.0,1
200139,0.9428697642868391,0.7633310098913866,0.7232233168952467,B1,MEMORY,3,0.9319109171359669,0.8795658323241737,0.8795658323241737,HYBRID,0.9005956047199701,0.021029772395796398,0.021029772395796398,0.0,1
200140,0.8533390866738083,0.9523986786676031,0.5365068866689946,B1,MEMORY,3,0.8504361712637957,0.8785355081072562,0.8785355081072562,HYBRID,0.9059066293610685,0.027371121253812247,0.027371121253812247,0.0,1
200141,0.6809983141899589,0.7103755527407841,0.6376636736686079,B1,MEMORY,3,0.8510395245957806,0.8881563678626784,0.8881563678626784,B1,0.8881563678626784,0.0,0.0,0.0,1
200142,0.6053335161351643,0.08369855357417266,0.5257937498180463,B1,MEMORY,1,0.8368988673384721,0.8443009529878426,0.8443009529878426,B1,0.8443009529878426,0.0,0.0,0.0,1
200143,0.5186763540272863,0.693204323732884,0.8109118646654875,B1,MEMORY,3,0.8527490010558135,0.8834742370101717,0.8834742370101717,HYBRID,0.8846334050612179,0.001159168051046211,0.001159168051046211,0.0,1
200144,0.743775096062088,0.4632199719645943,0.25282153362425086,B1,MEMORY,1,0.8095637810110152,0.8526684514171705,0.8526684514171705,B1,0.8526684514171705,0.0,0.0,0.0,1
200145,0.8342702321755796,0.8772260078629956,0.30751376196736435,B1,MEMORY,6,0.8751653311029565,0.8738640884237013,0.8738640884237013,B1,0.8738640884237013,0.0,0.0,0.0,1
200146,0.15794502878789407,0.9226777197291073,0.8808983259867476,B1,MEMORY,0,0.8351734848994603,0.8390573177641729,0.8390573177641729,LOCAL,0.9491032942764557,0.11004597651228276,0.11004597651228276,0.0,1
200147,0.44391366072240235,0.507336073524665,0.9177146126481345,B1,MEMORY,5,0.8758872030010553,0.8966347914817444,0.8966347914817444,B1,0.8966347914817444,0.0,0.0,0.0,1
200148,0.691853898771612,0.0686592237717899,0.1587892836925372,B1,MEMORY,1,0.8618645608914365,0.8214959973477157,0.8214959973477157,GLOBAL,0.8336602163879089,0.012164219040193158,0.012164219040193158,0.0,1
200149,0.3826180907637676,0.8385328064216331,0.7225955150724827,B1,MEMORY,0,0.8913098289680192,0.8574306433502701,0.8574306433502701,LOCAL,0.8991237897753124,0.04169314642504229,0.04169314642504229,0.0,1
200150,0.33162207067992744,0.08985847709201233,0.6455223527104226,B1,MEMORY,7,0.9022072220869722,0.8714798066213838,0.8714798066213838,B1,0.8714798066213838,0.0,0.0,0.0,1
200151,0.4775144488088572,0.5951335651729528,0.8001718546447996,B1,MEMORY,0,0.9431026138650064,0.8875973448766643,0.8875973448766643,B1,0.8875973448766643,0.0,0.0,0.0,1
200152,0.21077631855889067,0.19187398962634428,0.6418344099368317,B1,MEMORY,7,0.9273536743200653,0.8891611900828695,0.8891611900828695,B1,0.8891611900828695,0.0,0.0,0.0,1
200153,0.19813253574327805,0.37694812701888947,0.16387207258151526,B1,MEMORY,2,0.8949210724830782,0.8572496356012117,0.8572496356012117,B1,0.8572496356012117,0.0,0.0,0.0,1
200154,0.11647894061978403,0.5316088746413018,0.03621984907020792,B1,MEMORY,2,0.7714224833343919,0.8332383992410869,0.8332383992410869,LOCAL,0.8503668602851493,0.017128461044062404,0.017128461044062404,0.0,1
200155,0.8017278322458385,0.848548816898256,0.8322852884592227,B1,MEMORY,3,0.89396790370669,0.8945457327661755,0.8945457327661755,HYBRID,0.927930923191551,0.033385190425375466,0.033385190425375466,0.0,1
200156,0.9093177240717651,0.16432155929038206,0.7238800490812507,B1,MEMORY,8,0.86328541717819,0.8343555087807395,0.8343555087807395,GLOBAL,0.8918475602446353,0.0574920514638958,0.0574920514638958,0.0,1
200157,0.9857307798748056,0.38463619546307615,0.9823568760727408,B1,MEMORY,8,0.8841950342417009,0.8562067082899713,0.8562067082899713,GLOBAL,0.8842189177755394,0.02801220948556815,0.02801220948556815,0.0,1
200158,0.07918845176441225,0.45170782570224366,0.7875179385542571,B1,MEMORY,7,0.852384638397025,0.8666991676271438,0.8666991676271438,B1,0.8666991676271438,0.0,0.0,0.0,1
200159,0.7738370634255426,0.34186330365272555,0.9916476486803719,B1,MEMORY,8,0.8664916035278462,0.8701080051653896,0.8701080051653896,B1,0.8701080051653896,0.0,0.0,0.0,1
200160,0.8644187432699568,0.03213720579548429,0.5776664972740142,B1,MEMORY,8,0.8236014045439131,0.8215241368930029,0.8215241368930029,GLOBAL,0.8969369152411317,0.07541277834812887,0.07541277834812887,0.0,1
200161,0.6291895417545761,0.30237435067725627,0.09749612899265958,B1,MEMORY,1,0.8824888972522995,0.8427546298735209,0.8427546298735209,B1,0.8427546298735209,0.0,0.0,0.0,1
200162,0.5738604272683479,0.5754729319250615,0.2895701161313856,B1,MEMORY,4,0.8710657262699669,0.8764538042727184,0.8764538042727184,B1,0.8764538042727184,0.0,0.0,0.0,1
200163,0.6027825006171563,0.15202136128539823,0.9394765929823409,B1,MEMORY,8,0.8505901022797492,0.866518172572753,0.866518172572753,B1,0.866518172572753,0.0,0.0,0.0,1
200164,0.49635523262521464,0.8803681249054184,0.5205621950720847,B1,MEMORY,4,0.8221536003611657,0.8551014564204672,0.8551014564204672,LOCAL,0.9053419874515999,0.050240531031132685,0.050240531031132685,0.0,1
200165,0.04171032407301767,0.7835017889965231,0.37410245707893397,B1,MEMORY,9,0.8436267470320987,0.8206207810892769,0.8206207810892769,LOCAL,0.9323272777677225,0.11170649667844557,0.11170649667844557,0.0,1
200166,0.2660535305413997,0.6655228028479233,0.39609871050408674,B1,MEMORY,9,0.8449149170414759,0.8488864066356416,0.8488864066356416,LOCAL,0.8658131399597241,0.016926733324082455,0.016926733324082455,0.0,1
200167,0.6126330777264885,0.4905606166663672,0.367149238469064,B1,MEMORY,4,0.9213972067267305,0.8699201726539529,0.8699201726539529,B1,0.8699201726539529,0.0,0.0,0.0,1
200168,0.4880446619685471,0.7057151996018663,0.9299962631610934,B1,MEMORY,0,0.8912599086967146,0.8847862075157782,0.8847862075157782,HYBRID,0.8968612337443354,0.012075026228557162,0.012075026228557162,0.0,1
200169,0.06161630828736886,0.14286065929229375,0.5841180262196167,B1,MEMORY,7,0.8938695750129794,0.8818651729683906,0.8818651729683906,B1,0.8818651729683906,0.0,0.0,0.0,1
200170,0.7480830825764445,0.4790410612061816,0.8895808553194398,B1,MEMORY,5,0.8367286927004489,0.8790598725031565,0.8790598725031565,B1,0.8790598725031565,0.0,0.0,0.0,1
200171,0.6234386716379119,0.4590085224025273,0.19404762825995647,B1,MEMORY,1,0.8566639156739904,0.8596074931915675,0.8596074931915675,B1,0.8596074931915675,0.0,0.0,0.0,1
200172,0.29844483129630905,0.3500049958478768,0.48390608298353155,B1,MEMORY,7,0.9124502472264473,0.8802314301552159,0.8802314301552159,B1,0.8802314301552159,0.0,0.0,0.0,1
200173,0.43978246807040355,0.2097310920529104,0.16206288221001097,B1,MEMORY,2,0.8370148957225823,0.8530784052070011,0.8530784052070011,B1,0.8530784052070011,0.0,0.0,0.0,1
200174,0.32890566962403756,0.8338872134863585,0.9597444919085388,B1,MEMORY,0,0.8303349108125821,0.862991256167356,0.862991256167356,LOCAL,0.8969217653383578,0.03393050917100182,0.03393050917100182,0.0,1
200175,0.9594163640038499,0.5844109328563167,0.8516292751435112,B1,MEMORY,3,0.8159233473969367,0.8690647365139379,0.8690647365139379,HYBRID,0.8798893723084078,0.010824635794469906,0.010824635794469906,0.0,1
200176,0.7463608384186978,0.4046598232170645,0.43002800868248536,B1,MEMORY,1,0.8603620946869815,0.8548650391311687,0.8548650391311687,B1,0.8548650391311687,0.0,0.0,0.0,1
200177,0.4283446888171484,0.10535491813575126,0.7866162571752308,B1,MEMORY,7,0.841065666951152,0.8706254686324976,0.8706254686324976,B1,0.8706254686324976,0.0,0.0,0.0,1
200178,0.36890852319299894,0.8298054595797515,0.09194409094128897,B1,MEMORY,4,0.8424381035297237,0.8318060087267114,0.8318060087267114,LOCAL,0.9168084561499193,0.08500244742320795,0.08500244742320795,0.0,1
200179,0.3687717525030574,0.22854946638553142,0.7764961174258518,B1,MEMORY,7,0.881654185273635,0.884842061807632,0.884842061807632,B1,0.884842061807632,0.0,0.0,0.0,1
200180,0.1376160418868232,0.17866326378509256,0.06837725771330305,B1,MEMORY,2,0.8396715200660904,0.8644513125566706,0.8644513125566706,B1,0.8644513125566706,0.0,0.0,0.0,1
200181,0.5013731108510361,0.8196135713701072,0.2843246979950149,B1,MEMORY,4,0.8508262450133003,0.8509137510782749,0.8509137510782749,LOCAL,0.8917779643101607,0.040864213231885715,0.040864213231885715,0.0,1
200182,0.9223645790222165,0.7379119685449841,0.4705766994932633,B1,MEMORY,3,0.8519087600292012,0.869066859141552,0.869066859141552,B1,0.869066859141552,0.0,0.0,0.0,1
200183,0.5060431882065582,0.6179441769738583,0.41234630898359004,B1,MEMORY,4,0.9315608053463584,0.8725417732579597,0.8725417732579597,B1,0.8725417732579597,0.0,0.0,0.0,1
200184,0.80427382109426,0.34600773367998094,0.29053228719053903,B1,MEMORY,1,0.8345838229337903,0.8399600044944793,0.8399600044944793,B1,0.8399600044944793,0.0,0.0,0.0,1
200185,0.5735201409458758,0.16267093827279355,0.34625914927114865,B1,MEMORY,1,0.8369534061048574,0.8459824297569994,0.8459824297569994,B1,0.8459824297569994,0.0,0.0,0.0,1
200186,0.0698571442819802,0.9953477519693912,0.9281178840043175,B1,MEMORY,0,0.8816989841703253,0.8280854667451798,0.8280854667451798,LOCAL,0.9822383643159321,0.15415289757075235,0.15415289757075235,0.0,1
200187,0.5136100242991383,0.023249356809982635,0.3475465523767638,B1,MEMORY,1,0.8618382976407167,0.8396730086959382,0.8396730086959382,B1,0.8396730086959382,0.0,0.0,0.0,1
200188,0.6408760637259258,0.1499045630474115,0.6632509170844164,B1,MEMORY,5,0.8545199299778239,0.8522523166290955,0.8522523166290955,B1,0.8522523166290955,0.0,0.0,0.0,1
200189,0.6715391299652956,0.31498757697222224,0.003830211176189424,B1,MEMORY,1,0.8716027219599644,0.8366290842076017,0.8366290842076017,B1,0.8366290842076017,0.0,0.0,0.0,1
200190,0.3687274342346927,0.8028831833035687,0.462495891579614,B1,MEMORY,4,0.8566441183633468,0.8487673757376746,0.8487673757376746,LOCAL,0.8968292816346263,0.048061905896951695,0.048061905896951695,0.0,1
200191,0.7940234404612687,0.642737803006768,0.31829969697851945,B1,MEMORY,6,0.8625623115340769,0.8656291368827808,0.8656291368827808,B1,0.8656291368827808,0.0,0.0,0.0,1
200192,0.8732949090128104,0.41718910111860164,0.4486863539746161,B1,MEMORY,1,0.8209546441691424,0.846458989527448,0.846458989527448,B1,0.846458989527448,0.0,0.0,0.0,1
200193,0.41944233116369123,0.7950145529046085,0.4791775999055181,B1,MEMORY,4,0.8727259721750181,0.8541213262569474,0.8541213262569474,LOCAL,0.8876463947217124,0.033525068464764995,0.033525068464764995,0.0,1
200194,0.03168330737189429,0.3146583265449645,0.037157270133992726,B1,MEMORY,2,0.8067346653729612,0.8438482892715141,0.8438482892715141,B1,0.8438482892715141,0.0,0.0,0.0,1
200195,0.17592664178743644,0.09427958694227212,0.4762143027854988,B1,MEMORY,7,0.8827567016808371,0.8775168077238068,0.8775168077238068,B1,0.8775168077238068,0.0,0.0,0.0,1
200196,0.49721135587960885,0.32476279747166104,0.6686308218562018,B1,MEMORY,5,0.8914873716148636,0.8779493482016123,0.8779493482016123,B1,0.8779493482016123,0.0,0.0,0.0,1
200197,0.9448145971839087,0.26863937872064414,0.3257371115149106,B1,MEMORY,1,0.8672465076793695,0.8239354669835353,0.8239354669835353,GLOBAL,0.8724416080179606,0.0485061410344253,0.0485061410344253,0.0,1
200198,0.7916222118443709,0.11051394379873902,0.1833468675512916,B1,MEMORY,1,0.9032000442565306,0.8178452132584012,0.8178452132584012,GLOBAL,0.853639950098277,0.035794736839875774,0.035794736839875774,0.0,1
200199,0.3538998546394435,0.8299970962959528,0.8731663520691884,B1,MEMORY,0,0.8431490341516694,0.8618388747502468,0.8618388747502468,LOCAL,0.8952360686588556,0.033397193908608847,0.033397193908608847,0.0,1
200200,0.6181004974434863,0.41615097239576126,0.4493851417465228,B1,MEMORY,5,0.9336122427988855,0.8668194436660429,0.8668194436660429,B1,0.8668194436660429,0.0,0.0,0.0,1
200201,0.6365108995214799,0.5209659873962486,0.010021261853859875,B1,MEMORY,6,0.8333562959173167,0.856157257504136,0.856157257504136,B1,0.856157257504136,0.0,0.0,0.0,1
200202,0.5375485258570887,0.8480934383876029,0.5448909818879809,B1,MEMORY,3,0.8668499619838487,0.8619520462730781,0.8619520462730781,LOCAL,0.8890182821084189,0.027066235835340846,0.027066235835340846,0.0,1
200203,0.7671999439849678,0.022003806423901318,0.582623193128934,B1,MEMORY,8,0.7846124547221818,0.8286892367202721,0.8286892367202721,GLOBAL,0.8734300722021356,0.04474083548186358,0.04474083548186358,0.0,1
200204,0.9241680294455985,0.06302369778636296,0.97279254636733,B1,MEMORY,8,0.835593667775119,0.8350201553219544,0.8350201553219544,GLOBAL,0.9193836724010575,0.08436351707910306,0.08436351707910306,0.0,1
200205,0.0055303286133141505,0.823880719349375,0.6226646274834203,B1,MEMORY,0,0.799480080076824,0.8244385538404521,0.8244385538404521,LOCAL,0.9425370591271935,0.11809850528674148,0.11809850528674148,0.0,1
200206,0.8365168485604053,0.7323021676106276,0.18749945625170716,B1,MEMORY,6,0.8151939978731761,0.8641628037740862,0.8641628037740862,B1,0.8641628037740862,0.0,0.0,0.0,1
200207,0.688158176554066,0.6250955860763495,0.03715299637183356,B1,MEMORY,6,0.831848983996526,0.8614411126166561,0.8614411126166561,B1,0.8614411126166561,0.0,0.0,0.0,1
200208,0.9740779748665379,0.9064857809928282,0.31288650769268334,B1,MEMORY,6,0.7548789611993496,0.8721080847978105,0.8721080847978105,HYBRID,0.8793619776243569,0.007253892826546315,0.007253892826546315,0.0,1
200209,0.5382564000152334,0.20645718267518876,0.44600637742222216,B1,MEMORY,1,0.8380303780801327,0.8562963177096854,0.8562963177096854,B1,0.8562963177096854,0.0,0.0,0.0,1
200210,0.512104430571772,0.38572986562178846,0.07244633492197938,B1,MEMORY,1,0.849820759735427,0.8577878882008806,0.8577878882008806,B1,0.8577878882008806,0.0,0.0,0.0,1
200211,0.36897320239318687,0.9687379355246664,0.012284263752378788,B1,MEMORY,4,0.8593476226737009,0.8175101918995769,0.8175101918995769,LOCAL,0.9650382065233862,0.14752801462380938,0.14752801462380938,0.0,1
200212,0.16269427813310422,0.6862875319825278,0.6875127135636652,B1,MEMORY,0,0.8654000829471326,0.8506130482345927,0.8506130482345927,LOCAL,0.8763261907713518,0.025713142536759048,0.025713142536759048,0.0,1
200213,0.45375960606733645,0.8999544997007939,0.9283369894801027,B1,MEMORY,0,0.8340161069971005,0.8664378880885275,0.8664378880885275,HYBRID,0.9087727593204095,0.042334871231881954,0.042334871231881954,0.0,1
200214,0.3786811062894393,0.5891755261788159,0.6108951427102612,B1,MEMORY,0,0.8814980181342462,0.8725962521172603,0.8725962521172603,B1,0.8725962521172603,0.0,0.0,0.0,1
200215,0.48710715241001223,0.5190259749717782,0.7355093999987508,B1,MEMORY,5,0.8936162793711612,0.8918668701950089,0.8918668701950089,B1,0.8918668701950089,0.0,0.0,0.0,1
200216,0.025559977354911778,0.38863348103251316,0.7794791466314852,B1,MEMORY,7,0.8197663537867624,0.8671332855710513,0.8671332855710513,B1,0.8671332855710513,0.0,0.0,0.0,1
200217,0.035144861755542656,0.00038789058578847513,0.18945686721327448,B1,MEMORY,2,0.8780642697529104,0.8697977169949507,0.8697977169949507,B1,0.8697977169949507,0.0,0.0,0.0,1
200218,0.7829612169264393,0.6663159128982822,0.24533691083781306,B1,MEMORY,6,0.8491769975305629,0.8654818521112599,0.8654818521112599,B1,0.8654818521112599,0.0,0.0,0.0,1
200219,0.9320734864114028,0.10857591537215461,0.26190517271539404,B1,MEMORY,1,0.7460609788805954,0.8095964012254759,0.8095964012254759,GLOBAL,0.8928241151888818,0.08322771396340589,0.08322771396340589,0.0,1
200220,0.6270795929489302,0.8575264927975255,0.22106641259871773,B1,MEMORY,6,0.8131582441569645,0.855406904516061,0.855406904516061,LOCAL,0.8911021990913502,0.035695294575289194,0.035695294575289194,0.0,1
200221,0.4010444880417613,0.2511173231122479,0.40418841391131743,B1,MEMORY,2,0.8555487845470813,0.8691733633620916,0.8691733633620916,B1,0.8691733633620916,0.0,0.0,0.0,1
200222,0.7575863825036788,0.4305669849757692,0.158791251691473,B1,MEMORY,1,0.8177751906618373,0.8451900982654261,0.8451900982654261,B1,0.8451900982654261,0.0,0.0,0.0,1
200223,0.8988137427032257,0.49041806964691226,0.281052934186539,B1,MEMORY,6,0.8535152460334144,0.8435704635229566,0.8435704635229566,B1,0.8435704635229566,0.0,0.0,0.0,1
200224,0.3685368077544904,0.42952828775791974,0.3020534928800189,B1,MEMORY,2,0.9217863201709697,0.8722028213149264,0.8722028213149264,B1,0.8722028213149264,0.0,0.0,0.0,1
200225,0.4029326812087213,0.3442623106099256,0.007035519085174968,B1,MEMORY,2,0.9001223830419629,0.8605877911155033,0.8605877911155033,B1,0.8605877911155033,0.0,0.0,0.0,1
200226,0.6701313322505521,0.6619255880787349,0.10908240830161031,B1,MEMORY,6,0.8175198430556412,0.8687068367983191,0.8687068367983191,B1,0.8687068367983191,0.0,0.0,0.0,1
200227,0.907810813036711,0.22249043129646118,0.254026696310897,B1,MEMORY,1,0.8472119126502008,0.8203354373132159,0.8203354373132159,GLOBAL,0.8680531432714381,0.04771770595822222,0.04771770595822222,0.0,1
200228,0.4613228733909631,0.9955267363297916,0.5599552721270307,B1,MEMORY,4,0.8523274486504321,0.8446619018499749,0.8446619018499749,LOCAL,0.9463664200181047,0.10170451816812975,0.10170451816812975,0.0,1
200229,0.024839972124351406,0.15924707791401238,0.6415561113892779,B1,MEMORY,7,0.8749476535614599,0.8799096759923982,0.8799096759923982,B1,0.8799096759923982,0.0,0.0,0.0,1
200230,0.3808840032485482,0.980204805251995,0.259694499067767,B1,MEMORY,4,0.8887836145605369,0.827442115802435,0.827442115802435,LOCAL,0.9599706703712997,0.1325285545688647,0.1325285545688647,0.0,1
200231,0.7378558417063512,0.6432174238768735,0.8452280938243523,B1,MEMORY,3,0.9187829131626076,0.8912380503266158,0.8912380503266158,HYBRID,0.8953137392001702,0.004075688873554362,0.004075688873554362,0.0,1
200232,0.6338495382203998,0.5040263342765979,0.5976047284430048,B1,MEMORY,5,0.8746255709968948,0.878518332822216,0.878518332822216,B1,0.878518332822216,0.0,0.0,0.0,1
200233,0.7239819768116966,0.4260415484417358,0.1380737564835176,B1,MEMORY,1,0.8462801855237941,0.8466877159897439,0.8466877159897439,B1,0.8466877159897439,0.0,0.0,0.0,1
200234,0.11440006699606275,0.9608642767241405,0.061528336383474325,B1,MEMORY,9,0.806589330273547,0.7997439966770927,0.7997439966770927,LOCAL,0.9915113531879345,0.19176735651084176,0.19176735651084176,0.0,1
200235,0.1478798932846873,0.0017383226207516866,0.23307171364398815,B1,MEMORY,2,0.8726604323935073,0.8626315428926447,0.8626315428926447,B1,0.8626315428926447,0.0,0.0,0.0,1
200236,0.30538852562702834,0.37587206671221096,0.16962583982485824,B1,MEMORY,2,0.8464780945345213,0.8661463503061797,0.8661463503061797,B1,0.8661463503061797,0.0,0.0,0.0,1
200237,0.5441547220460315,0.8039905518033312,0.13935653025544492,B1,MEMORY,4,0.8215222297090345,0.8497873948296338,0.8497873948296338,LOCAL,0.8858376195419122,0.03605022471227837,0.03605022471227837,0.0,1
200238,0.509109266249851,0.49999254867275633,0.7003910295803621,B1,MEMORY,5,0.87193521620278,0.892286303777047,0.892286303777047,B1,0.892286303777047,0.0,0.0,0.0,1
200239,0.9398580313755268,0.40234410960583367,0.9260529308507539,B1,MEMORY,8,0.8642519578603663,0.8590410034924547,0.8590410034924547,GLOBAL,0.8677696185462263,0.008728615053771538,0.008728615053771538,0.0,1
200240,0.4897501604349722,0.3771424415203434,0.2174895100217875,B1,MEMORY,1,0.8806581824016801,0.8646909628877012,0.8646909628877012,B1,0.8646909628877012,0.0,0.0,0.0,1
200241,0.5295920763197236,0.4811466965933354,0.020697486913444307,B1,MEMORY,4,0.8960970881384503,0.8619522690984267,0.8619522690984267,B1,0.8619522690984267,0.0,0.0,0.0,1
200242,0.4669354718160771,0.5480926343150615,0.956699923955186,B1,MEMORY,0,0.9658155139619996,0.8967754239582888,0.8967754239582888,B1,0.8967754239582888,0.0,0.0,0.0,1
200243,0.5651714611055186,0.8118019933465576,0.13086758796537712,B1,MEMORY,4,0.8754194356347297,0.8505042609393321,0.8505042609393321,LOCAL,0.8861480548327405,0.03564379389340844,0.03564379389340844,0.0,1
200244,0.7062510467155977,0.05251738252419935,0.774722258564645,B1,MEMORY,8,0.8292645666882181,0.8436901972072739,0.8436901972072739,GLOBAL,0.8584641586991228,0.014773961491848953,0.014773961491848953,0.0,1
200245,0.7108397943078432,0.6238210087820368,0.11702340203101758,B1,MEMORY,6,0.8783030622609822,0.8627194332391762,0.8627194332391762,B1,0.8627194332391762,0.0,0.0,0.0,1
200246,0.004185485943032918,0.9707095574735172,0.38351170149001557,B1,MEMORY,9,0.817511823858763,0.803018542337162,0.803018542337162,LOCAL,0.9983265446083963,0.19530800227123435,0.19530800227123435,0.0,1
200247,0.5493194378856913,0.08185009344273164,0.7004061509430836,B1,MEMORY,5,0.8395335635536251,0.8556186984822866,0.8556186984822866,B1,0.8556186984822866,0.0,0.0,0.0,1
200248,0.9289789472863198,0.7219827525172663,0.28833917178551216,B1,MEMORY,6,0.8372599452695128,0.8599738712898962,0.8599738712898962,B1,0.8599738712898962,0.0,0.0,0.0,1
200249,0.2700598180210694,0.15106045967105297,0.08811604011924812,B1,MEMORY,2,0.8545637222833546,0.8590046929367687,0.8590046929367687,B1,0.8590046929367687,0.0,0.0,0.0,1
200250,0.7533956707978854,0.9591611922777783,0.011366152515155048,B1,MEMORY,6,0.7964288942530899,0.8489934043822148,0.8489934043822148,LOCAL,0.915774728380466,0.06678132399825121,0.06678132399825121,0.0,1
200251,0.11665199278204619,0.041446009831631714,0.10672240779116426,B1,MEMORY,2,0.8815847795903384,0.8632524176756134,0.8632524176756134,B1,0.8632524176756134,0.0,0.0,0.0,1
200252,0.22792266665377736,0.28499580388323387,0.17744574603388852,B1,MEMORY,2,0.8616668591537168,0.867531978862999,0.867531978862999,B1,0.867531978862999,0.0,0.0,0.0,1
200253,0.4074205247719519,0.3441202403641823,0.758850353494184,B1,MEMORY,7,0.8840925368961079,0.8902899913871458,0.8902899913871458,B1,0.8902899913871458,0.0,0.0,0.0,1
200254,0.7693732974187515,0.3445090630081281,0.5196643604584211,B1,MEMORY,5,0.8430133783882386,0.851797435665487,0.851797435665487,B1,0.851797435665487,0.0,0.0,0.0,1
200255,0.19742226348724923,0.8879171227544153,0.027190613301900757,B1,MEMORY,9,0.8112690005818185,0.8108480357907027,0.8108480357907027,LOCAL,0.9585062604914301,0.14765822470072731,0.14765822470072731,0.0,1
200256,0.970740658651373,0.9202645595703837,0.6384070231010018,B1,MEMORY,3,0.8672901683451474,0.8864981929975609,0.8864981929975609,HYBRID,0.9212469415131693,0.034748748515608385,0.034748748515608385,0.0,1
200257,0.6570114768287768,0.3641767220423149,0.8313695063276129,B1,MEMORY,5,0.845959424244927,0.8748279998701876,0.8748279998701876,B1,0.8748279998701876,0.0,0.0,0.0,1
200258,0.07403250475928946,0.13952083067332932,0.4603684979331797,B1,MEMORY,2,0.8921413447350296,0.878175673844204,0.878175673844204,B1,0.878175673844204,0.0,0.0,0.0,1
200259,0.4362584932469954,0.5249332009062012,0.5611859457847957,B1,MEMORY,5,0.7933917208221164,0.8803534612186554,0.8803534612186554,B1,0.8803534612186554,0.0,0.0,0.0,1
200260,0.16171434979352028,0.8889388798401792,0.46496938807930766,B1,MEMORY,9,0.8843331287083778,0.8254208131194397,0.8254208131194397,LOCAL,0.9499950267296575,0.12457421361021781,0.12457421361021781,0.0,1
200261,0.042768615463611215,0.7889449404833545,0.8106464716162146,B1,MEMORY,0,0.847288340106683,0.8377317528630691,0.8377317528630691,LOCAL,0.9209002023553872,0.08316844949231805,0.08316844949231805,0.0,1
200262,0.35899301771824976,0.4911365646455269,0.39862738834020306,B1,MEMORY,4,0.9418835314439156,0.870373611779426,0.870373611779426,B1,0.870373611779426,0.0,0.0,0.0,1
200263,0.1768469277007496,0.1156213384377558,0.8802723642255181,B1,MEMORY,7,0.925890450331121,0.8953128474279812,0.8953128474279812,B1,0.8953128474279812,0.0,0.0,0.0,1
200264,0.9092982542944443,0.6116982918469716,0.5757114387678925,B1,MEMORY,3,0.8318514382895172,0.8642204605549179,0.8642204605549179,B1,0.8642204605549179,0.0,0.0,0.0,1
200265,0.46427705480568926,0.7303242395489535,0.635887882170271,B1,MEMORY,0,0.8731149508941184,0.8691517405073498,0.8691517405073498,B1,0.8691517405073498,0.0,0.0,0.0,1
200266,0.8348195307454007,0.744752698302203,0.5158468031083836,B1,MEMORY,3,0.9528026937279295,0.8784285255288795,0.8784285255288795,B1,0.8784285255288795,0.0,0.0,0.0,1
200267,0.327867770392131,0.6277933794669158,0.5438739229926685,B1,MEMORY,4,0.8508608098690392,0.862760908193724,0.862760908193724,B1,0.862760908193724,0.0,0.0,0.0,1
200268,0.31824424754563607,0.9225335686396364,0.23828571676451726,B1,MEMORY,9,0.8175013373062161,0.8261882829830607,0.8261882829830607,LOCAL,0.9490981964426682,0.12290991345960756,0.12290991345960756,0.0,1
200269,0.6478049961926119,0.48952164387614117,0.9238632634467371,B1,MEMORY,5,0.9613519582794608,0.8892918623525519,0.8892918623525519,B1,0.8892918623525519,0.0,0.0,0.0,1
200270,0.6619304795556068,0.7052273586944376,0.9633341559826084,B1,MEMORY,3,0.9123632445986787,0.9000696159081979,0.9000696159081979,HYBRID,0.9182113353690288,0.018141719460830874,0.018141719460830874,0.0,1
200271,0.9182782490347299,0.6484816010143016,0.012611726907647558,B1,MEMORY,6,0.8816394323942698,0.8439207372346716,0.8439207372346716,B1,0.8439207372346716,0.0,0.0,0.0,1
200272,0.7967301225677299,0.4445879116574265,0.001373686680884112,B1,MEMORY,6,0.8064516901673391,0.8368835705944111,0.8368835705944111,B1,0.8368835705944111,0.0,0.0,0.0,1
200273,0.5050346272969493,0.05093735439275715,0.4293394366056501,B1,MEMORY,1,0.8427224551173774,0.8458457956318907,0.8458457956318907,B1,0.8458457956318907,0.0,0.0,0.0,1
200274,0.17589839052292622,0.5044448356348606,0.19699496038159336,B1,MEMORY,2,0.8557655528835645,0.846596082806309,0.846596082806309,B1,0.846596082806309,0.0,0.0,0.0,1
200275,0.6830384367845403,0.11954342182519473,0.213811050232253,B1,MEMORY,1,0.74338509590309,0.8284728408125426,0.8284728408125426,B1,0.8284728408125426,0.0,0.0,0.0,1
200276,0.893437339191361,0.4364732034131109,0.42137035594602346,B1,MEMORY,1,0.8175138511273817,0.845297683375581,0.845297683375581,B1,0.845297683375581,0.0,0.0,0.0,1
200277,0.03649806121216537,0.11881005026881486,0.211911059154673,B1,MEMORY,2,0.8957357039410786,0.866891483241655,0.866891483241655,B1,0.866891483241655,0.0,0.0,0.0,1
200278,0.9651440972827298,0.8422353909669082,0.942652564853369,B1,MEMORY,3,0.9369307717577383,0.8928734060888691,0.8928734060888691,HYBRID,0.9422625040301315,0.04938909794126234,0.04938909794126234,0.0,1
200279,0.02167000682954212,0.3891066123381357,0.4645230352450799,B1,MEMORY,2,0.8027729571942465,0.8541859929691157,0.8541859929691157,B1,0.8541859929691157,0.0,0.0,0.0,1
200280,0.5806043802211073,0.349907927052039,0.5651940982718302,B1,MEMORY,5,0.8283431806238492,0.8691520476773478,0.8691520476773478,B1,0.8691520476773478,0.0,0.0,0.0,1
200281,0.37335049244508345,0.6906675650193733,0.5777121053162834,B1,MEMORY,0,0.8391251241434355,0.8627231184067081,0.8627231184067081,B1,0.8627231184067081,0.0,0.0,0.0,1
200282,0.8020477130390865,0.5437132510605318,0.24285615462820742,B1,MEMORY,6,0.8544699845656055,0.8540474892268439,0.8540474892268439,B1,0.8540474892268439,0.0,0.0,0.0,1
200283,0.5045726156943483,0.2844285660008692,0.8400292838322242,B1,MEMORY,5,0.8867223842780482,0.8809896473778107,0.8809896473778107,B1,0.8809896473778107,0.0,0.0,0.0,1
200284,0.9949111132311391,0.016030761586201314,0.3068264335677675,B1,MEMORY,1,0.7505845117020271,0.7989626292111157,0.7989626292111157,GLOBAL,0.925316760593337,0.1263541313822213,0.1263541313822213,0.0,1
200285,0.4510818465050709,0.025465758786645587,0.30845441032801557,B1,MEMORY,1,0.8401709171843764,0.8432888893956466,0.8432888893956466,B1,0.8432888893956466,0.0,0.0,0.0,1
200286,0.43167362054278335,0.021134071868882498,0.5191995103227358,B1,MEMORY,7,0.8605364339399749,0.8529248165189973,0.8529248165189973,B1,0.8529248165189973,0.0,0.0,0.0,1
200287,0.1475899337505061,0.34411492601894367,0.2089935341239969,B1,MEMORY,2,0.838496738212284,0.8576377419834849,0.8576377419834849,B1,0.8576377419834849,0.0,0.0,0.0,1
200288,0.5658366902812343,0.8020859700221821,0.14142208834093517,B1,MEMORY,4,0.813660394516314,0.8517569411543615,0.8517569411543615,LOCAL,0.8825453046233439,0.030788363468982394,0.030788363468982394,0.0,1
200289,0.17125191890189817,0.7710171195272439,0.6165951883297831,B1,MEMORY,0,0.8138488163078493,0.8416825914831637,0.8416825914831637,LOCAL,0.9053875635258694,0.06370497204270564,0.06370497204270564,0.0,1
200290,0.5677652261987743,0.004096994234675799,0.14455770398763135,B1,MEMORY,1,0.8943944048384367,0.8256888496023773,0.8256888496023773,B1,0.8256888496023773,0.0,0.0,0.0,1
200291,0.7473379903207148,0.8110796823675303,0.6786675559211112,B1,MEMORY,3,0.8701677346244643,0.8870473668730993,0.8870473668730993,HYBRID,0.9010602803320074,0.014012913458908094,0.014012913458908094,0.0,1
200292,0.37796206137351407,0.47332786257750314,0.09233496876495795,B1,MEMORY,2,0.8952023371312866,0.8610641346542792,0.8610641346542792,B1,0.8610641346542792,0.0,0.0,0.0,1
200293,0.7326254175739588,0.06594268529123803,0.02282457836532581,B1,MEMORY,1,0.9009369311185869,0.8125783645519954,0.8125783645519954,GLOBAL,0.840616516273591,0.028038151721595628,0.028038151721595628,0.0,1
200294,0.8246207030145859,0.04846046225956324,0.4145666701747851,B1,MEMORY,1,0.7928076714147624,0.8194898475465896,0.8194898475465896,GLOBAL,0.8790847089275058,0.059594861380916186,0.059594861380916186,0.0,1
200295,0.26880337513563957,0.6560811487513544,0.043802066091485736,B1,MEMORY,4,0.8736582798807002,0.8357698607544023,0.8357698607544023,LOCAL,0.8729363120889255,0.03716645133452323,0.03716645133452323,0.0,1
200296,0.9207961594187813,0.7831244411155541,0.03438182968117831,B1,MEMORY,6,0.8643453532377604,0.855361535722989,0.855361535722989,B1,0.855361535722989,0.0,0.0,0.0,1
200297,0.8443594485978967,0.7882681543373997,0.4050147984826611,B1,MEMORY,6,0.8897660322205296,0.8767132883984667,0.8767132883984667,B1,0.8767132883984667,0.0,0.0,0.0,1
200298,0.5416763705348306,0.10472315451069358,0.8798508776084116,B1,MEMORY,8,0.8474279618327296,0.8652377778224055,0.8652377778224055,B1,0.8652377778224055,0.0,0.0,0.0,1
200299,0.04161187774935282,0.04860632652114283,0.2958398898155151,B1,MEMORY,2,0.8858086180823266,0.8762740396908775,0.8762740396908775,B1,0.8762740396908775,0.0,0.0,0.0,1
200300,0.9718839166051778,0.4538334110622688,0.08119520239470235,B1,MEMORY,6,0.7979803041565199,0.8268037676523554,0.8268037676523554,GLOBAL,0.8425123286192242,0.01570856096686879,0.01570856096686879,0.0,1
200301,0.06089219280984903,0.1528829973030701,0.2192439157748992,B1,MEMORY,2,0.8565741778503514,0.8664104922715383,0.8664104922715383,B1,0.8664104922715383,0.0,0.0,0.0,1
200302,0.7871186960929832,0.16012881250342792,0.07169760110834222,B1,MEMORY,1,0.7470235383173902,0.8177087133571693,0.8177087133571693,GLOBAL,0.8411811790168775,0.023472465659708175,0.023472465659708175,0.0,1
200303,0.8969536359156183,0.5780007752370743,0.7483619708421815,B1,MEMORY,3,0.8430201644414927,0.8694182499794038,0.8694182499794038,B1,0.8694182499794038,0.0,0.0,0.0,1
200304,0.3643540801377092,0.10110661386998154,0.2161430028961533,B1,MEMORY,2,0.8497053909886347,0.8525859228144279,0.8525859228144279,B1,0.8525859228144279,0.0,0.0,0.0,1
200305,0.6028971928776227,0.3636615404278467,0.9421320490578293,B1,MEMORY,5,0.8627899640922775,0.8835464297663311,0.8835464297663311,B1,0.8835464297663311,0.0,0.0,0.0,1
200306,0.42812768696411996,0.7255824293505962,0.24870821324037573,B1,MEMORY,4,0.8718598465554506,0.851151949138697,0.851151949138697,LOCAL,0.8706056328527911,0.019453683714094172,0.019453683714094172,0.0,1
200307,0.4422831226877114,0.2835024303596452,0.9979917622694865,B1,MEMORY,5,0.9306472758102683,0.8922172151045342,0.8922172151045342,B1,0.8922172151045342,0.0,0.0,0.0,1
200308,0.7713134312211594,0.14313427323881456,0.717586662377542,B1,MEMORY,8,0.8283559445993431,0.8434491338565141,0.8434491338565141,GLOBAL,0.8591676082706173,0.015718474414103234,0.015718474414103234,0.0,1
200309,0.6984047595703436,0.7742384968522925,0.579396107169023,B1,MEMORY,3,0.8291774971843394,0.882109145304205,0.882109145304205,B1,0.882109145304205,0.0,0.0,0.0,1
200310,0.5025738863827555,0.6582233529475663,0.9328169513611855,B1,MEMORY,0,0.8997705573430445,0.8898607207292626,0.8898607207292626,HYBRID,0.8948532910374231,0.004992570308160471,0.004992570308160471,0.0,1
200311,0.5385621885781957,0.07108459872301354,0.8167050697353898,B1,MEMORY,8,0.8248397543812187,0.860269995601001,0.860269995601001,B1,0.860269995601001,0.0,0.0,0.0,1
200312,0.9161432305271532,0.15256365434465757,0.6227104593639802,B1,MEMORY,8,0.8287429638212275,0.8288220522799596,0.8288220522799596,GLOBAL,0.8924683690228342,0.06364631674287458,0.06364631674287458,0.0,1
200313,0.8429225749681044,0.08033723291074935,0.3097637654459632,B1,MEMORY,1,0.8846067016168605,0.8163837232532501,0.8163837232532501,GLOBAL,0.8755988251893662,0.05921510193611601,0.05921510193611601,0.0,1
200314,0.9024340172258031,0.5916055954300998,0.5932766216199582,B1,MEMORY,3,0.91667779085507,0.8638647911211421,0.8638647911211421,B1,0.8638647911211421,0.0,0.0,0.0,1
200315,0.5532212833767998,0.602540678365453,0.8368556277963062,B1,MEMORY,5,0.890000680059441,0.8945286735127601,0.8945286735127601,B1,0.8945286735127601,0.0,0.0,0.0,1
200316,0.19109699849284179,0.8818306601052782,0.23455776976447573,B1,MEMORY,9,0.7581081197580801,0.8191236178615842,0.8191236178615842,LOCAL,0.9510357449226665,0.13191212706108235,0.13191212706108235,0.0,1
200317,0.9527381035000642,0.09693421280427661,0.11018264014413393,B1,MEMORY,1,0.8756317394162821,0.8009429943501024,0.8009429943501024,GLOBAL,0.8955079120656565,0.09456491771555409,0.09456491771555409,0.0,1
200318,0.5606340759420092,0.5273651742123889,0.9884726343577162,B1,MEMORY,5,0.8599005981478832,0.901877393235939,0.901877393235939,B1,0.901877393235939,0.0,0.0,0.0,1
200319,0.26614647117836276,0.35736974066796523,0.40503968128289725,B1,MEMORY,2,0.8709275128505547,0.8739037256921478,0.8739037256921478,B1,0.8739037256921478,0.0,0.0,0.0,1
200320,0.03008498089250966,0.08399732626861856,0.6006574938962272,B1,MEMORY,7,0.8590274080217875,0.8847133121257604,0.8847133121257604,B1,0.8847133121257604,0.0,0.0,0.0,1
200321,0.9231290452909172,0.5564946330593415,0.48062807083845416,B1,MEMORY,3,0.8675159000083894,0.8548943698550121,0.8548943698550121,B1,0.8548943698550121,0.0,0.0,0.0,1
200322,0.043457242419524755,0.18166181919735525,0.8942841156364612,B1,MEMORY,7,0.8626809628085578,0.8897149984832321,0.8897149984832321,B1,0.8897149984832321,0.0,0.0,0.0,1
200323,0.5686184597686991,0.7563798619703949,0.7794090825711985,B1,MEMORY,3,0.8634962148852403,0.8811554511267122,0.8811554511267122,HYBRID,0.8909013248430454,0.009745873716333175,0.009745873716333175,0.0,1
200324,0.13117508369279607,0.00548676377845414,0.35542336445006584,B1,MEMORY,2,0.868652351363127,0.8691618689848554,0.8691618689848554,B1,0.8691618689848554,0.0,0.0,0.0,1
200325,0.44886779878170757,0.6683787680586546,0.33034898393510137,B1,MEMORY,4,0.8860378971103792,0.8606530818152484,0.8606530818152484,B1,0.8606530818152484,0.0,0.0,0.0,1
200326,0.1645809639620981,0.3841184163047284,0.49570730972780785,B1,MEMORY,7,0.8629769753002074,0.8672652962017019,0.8672652962017019,B1,0.8672652962017019,0.0,0.0,0.0,1
200327,0.5657682344485829,0.9174150993756841,0.7945214570132179,B1,MEMORY,3,0.838592389602387,0.8686491090863606,0.8686491090863606,HYBRID,0.9053126062364993,0.036663497150138724,0.036663497150138724,0.0,1
200328,0.36737832245625257,0.3018754969493288,0.7919743834509115,B1,MEMORY,7,0.8615136735730263,0.8914387492974826,0.8914387492974826,B1,0.8914387492974826,0.0,0.0,0.0,1
200329,0.9931101273519155,0.8012190084977876,0.5532884186709714,B1,MEMORY,3,0.8436447328345045,0.8717802472385087,0.8717802472385087,HYBRID,0.8867762093930358,0.014995962154527143,0.014995962154527143,0.0,1
200330,0.5317999422839489,0.5373955028045522,0.6574031897625077,B1,MEMORY,5,0.9116928998878383,0.890848482748852,0.890848482748852,B1,0.890848482748852,0.0,0.0,0.0,1
200331,0.20181350000386833,0.6545264959380493,0.8258150519278095,B1,MEMORY,0,0.8781664008197438,0.8618155624023779,0.8618155624023779,B1,0.8618155624023779,0.0,0.0,0.0,1
200332,0.8025881169921973,0.21271236751414901,0.6871485525723973,B1,MEMORY,8,0.8146967745658933,0.845295882144652,0.845295882144652,GLOBAL,0.8552533881928794,0.009957506048227427,0.009957506048227427,0.0,1
200333,0.38172802990342336,0.5280880797204098,0.06782031457434312,B1,MEMORY,4,0.8652061421117033,0.8560040085976148,0.8560040085976148,B1,0.8560040085976148,0.0,0.0,0.0,1
200334,0.7624341546234497,0.5790633121330478,0.1047543588685409,B1,MEMORY,6,0.8367017919486254,0.8545205069555095,0.8545205069555095,B1,0.8545205069555095,0.0,0.0,0.0,1
200335,0.9381734283648199,0.24405337306374064,0.48902794384479975,B1,MEMORY,1,0.8438598652966764,0.8290315133297057,0.8290315133297057,GLOBAL,0.8795473899999987,0.050515876670293,0.050515876670293,0.0,1
200336,0.11706425575289825,0.3640602075372057,0.8931231559194617,B1,MEMORY,7,0.8702897175256793,0.8809652500940339,0.8809652500940339,B1,0.8809652500940339,0.0,0.0,0.0,1
200337,0.7229095014094103,0.1914247342215687,0.18354350616378423,B1,MEMORY,1,0.8922035949466193,0.829822958871524,0.829822958871524,B1,0.829822958871524,0.0,0.0,0.0,1
200338,0.07863674887417227,0.8475039577192569,0.8935639738684522,B1,MEMORY,0,0.9214888632350728,0.8392331822471314,0.8392331822471314,LOCAL,0.9334329769664006,0.0941997947192692,0.0941997947192692,0.0,1
200339,0.49500474677542117,0.8399031401932012,0.9088365336181551,B1,MEMORY,0,0.8886321932290575,0.8737615898713038,0.8737615898713038,HYBRID,0.9057531099271768,0.031991520055873024,0.031991520055873024,0.0,1
200340,0.525227418665127,0.5475216615784618,0.3003986612065658,B1,MEMORY,4,0.9030087928229399,0.8752324070151959,0.8752324070151959,B1,0.8752324070151959,0.0,0.0,0.0,1
200341,0.11002482698317362,0.9041270036592982,0.2538353284849786,B1,MEMORY,9,0.8240047828553103,0.8116252390053091,0.8116252390053091,LOCAL,0.9675438721150383,0.1559186331097292,0.1559186331097292,0.0,1
200342,0.1595079564867864,0.4297988400815269,0.5809893085997306,B1,MEMORY,7,0.9049174410361922,0.86661630165641,0.86661630165641,B1,0.86661630165641,0.0,0.0,0.0,1
200343,0.0817187902357649,0.7062495576221665,0.11672135968519082,B1,MEMORY,9,0.7708406093897322,0.8197063929964955,0.8197063929964955,LOCAL,0.9097544583964675,0.09004806539997201,0.09004806539997201,0.0,1
200344,0.6506570776440201,0.3123480378722945,0.19089442876469187,B1,MEMORY,1,0.8141904375524888,0.8455710539688497,0.8455710539688497,B1,0.8455710539688497,0.0,0.0,0.0,1
200345,0.42962207386137197,0.384631888447621,0.3352386095141737,B1,MEMORY,2,0.8585133850480374,0.874810329547467,0.874810329547467,B1,0.874810329547467,0.0,0.0,0.0,1
200346,0.9720023523210628,0.62299942958126,0.7070838121101815,B1,MEMORY,3,0.9041555392209023,0.8653631186652231,0.8653631186652231,HYBRID,0.8700098963230525,0.004646777657829393,0.004646777657829393,0.0,1
200347,0.2219750999256438,0.9919462592555327,0.07558356591775173,B1,MEMORY,9,0.7958436416966358,0.8064256498903191,0.8064256498903191,LOCAL,0.9884377465857161,0.18201209669539709,0.18201209669539709,0.0,1
200348,0.8330070070257463,0.3203984468759976,0.6134893531486024,B1,MEMORY,5,0.85209339833015,0.8485308893139643,0.8485308893139643,B1,0.8485308893139643,0.0,0.0,0.0,1
200349,0.3790754073728859,0.989744688402398,0.8653809695467295,B1,MEMORY,0,0.793257129322869,0.8507616962995083,0.8507616962995083,LOCAL,0.9451652692016432,0.09440357290213497,0.09440357290213497,0.0,1
200350,0.07013556299774193,0.38799054720297,0.12473685085060926,B1,MEMORY,2,0.8651739254095826,0.8445610752976062,0.8445610752976062,B1,0.8445610752976062,0.0,0.0,0.0,1
200351,0.36450734293719256,0.0056616551547437055,0.22520240968175742,B1,MEMORY,2,0.9404992387331519,0.8453004413646744,0.8453004413646744,B1,0.8453004413646744,0.0,0.0,0.0,1
200352,0.10734463547739304,0.06690017561191375,0.34465450835907463,B1,MEMORY,2,0.9176580142891884,0.8755506235451247,0.8755506235451247,B1,0.8755506235451247,0.0,0.0,0.0,1
200353,0.8056330796493253,0.690834663450409,0.8242286949610906,B1,MEMORY,3,0.9071781475852753,0.8887852745025303,0.8887852745025303,HYBRID,0.9009617144924263,0.012176439989896037,0.012176439989896037,0.0,1
200354,0.7773783684224637,0.9106770203806132,0.9338801469987953,B1,MEMORY,3,0.8922109429537465,0.8916913137232999,0.8916913137232999,HYBRID,0.9426576161125508,0.05096630238925093,0.05096630238925093,0.0,1
200355,0.44385619284573763,0.7528950778842816,0.06012259680087928,B1,MEMORY,4,0.8889550340050496,0.8426817930689517,0.8426817930689517,LOCAL,0.8833889546562981,0.04070716158734633,0.04070716158734633,0.0,1
200356,0.20701186745784217,0.43318801457354883,0.1623918896687151,B1,MEMORY,2,0.8935450716296708,0.8534015838174921,0.8534015838174921,B1,0.8534015838174921,0.0,0.0,0.0,1
200357,0.6540321890586728,0.36314491057240117,0.3537992030385054,B1,MEMORY,1,0.9521481902930506,0.8558809858426385,0.8558809858426385,B1,0.8558809858426385,0.0,0.0,0.0,1
200358,0.6659982220779623,0.18330251680263487,0.9178491698927672,B1,MEMORY,8,0.8635562087342743,0.8630983103736846,0.8630983103736846,B1,0.8630983103736846,0.0,0.0,0.0,1
200359,0.5206880952314784,0.4426541263004651,0.24583500660206048,B1,MEMORY,4,0.8662003976065891,0.8685906827496014,0.8685906827496014,B1,0.8685906827496014,0.0,0.0,0.0,1
200360,0.7149397481014678,0.8310227440378516,0.4944324641098441,B1,MEMORY,3,0.8895237733034923,0.8754906588894832,0.8754906588894832,HYBRID,0.8773076900263562,0.0018170311368730374,0.0018170311368730374,0.0,1
200361,0.8707259113754389,0.09176135426355925,0.7360618732970234,B1,MEMORY,8,0.7375817781854833,0.8321253103629306,0.8321253103629306,GLOBAL,0.8937887764743553,0.0616634661114247,0.0616634661114247,0.0,1
200362,0.08311164567214846,0.7906127703845517,0.7151361240189861,B1,MEMORY,0,0.8433946134790199,0.8370053549837673,0.8370053549837673,LOCAL,0.9194747330256747,0.08246937804190746,0.08246937804190746,0.0,1
200363,0.5440105472997476,0.010882898341736058,0.5850468781682003,B1,MEMORY,5,0.8165226229919144,0.8457516632100871,0.8457516632100871,B1,0.8457516632100871,0.0,0.0,0.0,1
200364,0.769554048637164,0.796155269415165,0.5124296456392826,B1,MEMORY,3,0.924131866428309,0.8833690881633312,0.8833690881633312,B1,0.8833690881633312,0.0,0.0,0.0,1
200365,0.3769041030366004,0.9501924715630985,0.6420158916850899,B1,MEMORY,0,0.8296610579413852,0.8448175661852838,0.8448175661852838,LOCAL,0.9390745465008777,0.09425698031559393,0.09425698031559393,0.0,1
200366,0.57952738067021,0.9972884339781783,0.5935237173000146,B1,MEMORY,3,0.8708437380916834,0.8553200644273632,0.8553200644273632,LOCAL,0.9317561860133732,0.07643612158600999,0.07643612158600999,0.0,1
200367,0.5261899640830814,0.2610910941122314,0.6682501784459834,B1,MEMORY,5,0.947045023075646,0.8705220975401714,0.8705220975401714,B1,0.8705220975401714,0.0,0.0,0.0,1
200368,0.8295237552021424,0.5156360221610157,0.2750311568380286,B1,MEMORY,6,0.8178813206031934,0.850890227630231,0.850890227630231,B1,0.850890227630231,0.0,0.0,0.0,1
200369,0.6854855331068114,0.7428336254885854,0.4760321342863032,B1,MEMORY,3,0.859651382047754,0.8794534379809102,0.8794534379809102,B1,0.8794534379809102,0.0,0.0,0.0,1
200370,0.1618965165949967,0.6547211582477168,0.8172888674840989,B1,MEMORY,0,0.8603231915016631,0.8582655833671463,0.8582655833671463,LOCAL,0.8621117342058241,0.0038461508386777865,0.0038461508386777865,0.0,1
200371,0.12810838119268397,0.12718186244805052,0.04660056236133914,B1,MEMORY,2,0.8683031390019802,0.866789900994883,0.866789900994883,B1,0.866789900994883,0.0,0.0,0.0,1
200372,0.9744881910928411,0.8659917358629274,0.9152339553624912,B1,MEMORY,3,0.7989253138059712,0.8929296417961066,0.8929296417961066,HYBRID,0.9435366579942275,0.05060701619812091,0.05060701619812091,0.0,1
200373,0.4784273931617853,0.48841682948976783,0.7161623915770202,B1,MEMORY,5,0.899728641647793,0.8928473407568422,0.8928473407568422,B1,0.8928473407568422,0.0,0.0,0.0,1
200374,0.48224825415080186,0.8148124320357998,0.22233815977672322,B1,MEMORY,4,0.8727928728739262,0.8472883921602691,0.8472883921602691,LOCAL,0.894348167280416,0.04705977512014692,0.04705977512014692,0.0,1
200375,0.7009435258085214,0.7189196132008688,0.1290712950317351,B1,MEMORY,6,0.8908209594143047,0.8687247648098816,0.8687247648098816,B1,0.8687247648098816,0.0,0.0,0.0,1
200376,0.3948947799493763,0.9702058513286692,0.04729029996408807,B1,MEMORY,4,0.768713535156282,0.8208667262882201,0.8208667262882201,LOCAL,0.961361848345613,0.1404951220573929,0.1404951220573929,0.0,1
200377,0.7928406795918935,0.8839328322510058,0.6690743146525493,B1,MEMORY,3,0.93052387432341,0.884475600373373,0.884475600373373,HYBRID,0.9102876122975758,0.025812011924202793,0.025812011924202793,0.0,1
200378,0.8680796482114201,0.883558312486615,0.619377838452677,B1,MEMORY,3,0.8918991103871939,0.8885368203960916,0.8885368203960916,HYBRID,0.9118179704343926,0.023281150038301,0.023281150038301,0.0,1
200379,0.5738308364035046,0.9928672288229495,0.684847384328765,B1,MEMORY,3,0.8220388884880794,0.858870983979595,0.858870983979595,LOCAL,0.92824106361329,0.0693700796336949,0.0693700796336949,0.0,1
200380,0.5203373936028258,0.38949348464692135,0.2620489668915702,B1,MEMORY,1,0.8193699757234396,0.8650144459591905,0.8650144459591905,B1,0.8650144459591905,0.0,0.0,0.0,1
200381,0.07066911992012859,0.9499694937948738,0.13642426425919085,B1,MEMORY,9,0.8283036767473606,0.8001129406603881,0.8001129406603881,LOCAL,0.9909169106341174,0.19080396997372928,0.19080396997372928,0.0,1
200382,0.2720491961547993,0.6176309335105691,0.4617101941416737,B1,MEMORY,9,0.7946999549130904,0.8558218687772053,0.8558218687772053,B1,0.8558218687772053,0.0,0.0,0.0,1
200383,0.03972623640904238,0.9291132748905532,0.5934806365269679,B1,MEMORY,9,0.8430872421346705,0.8175882623825579,0.8175882623825579,LOCAL,0.9740358132489885,0.15644755086643058,0.15644755086643058,0.0,1
200384,0.5488594628817963,0.05881832043227264,0.45510070179011175,B1,MEMORY,1,0.80696657826502,0.8440007366756426,0.8440007366756426,B1,0.8440007366756426,0.0,0.0,0.0,1
200385,0.6957507751236471,0.49207981404334444,0.43247746405233467,B1,MEMORY,1,0.8511002945290113,0.8660054216756693,0.8660054216756693,B1,0.8660054216756693,0.0,0.0,0.0,1
200386,0.5776230987030456,0.9032955967615233,0.1149135466928013,B1,MEMORY,4,0.860318017160138,0.8435427420230339,0.8435427420230339,LOCAL,0.9153253686861531,0.07178262666311919,0.07178262666311919,0.0,1
200387,0.4067904774348191,0.4512585197896718,0.9958487215642008,B1,MEMORY,5,0.8571764097896897,0.9012765054741799,0.9012765054741799,B1,0.9012765054741799,0.0,0.0,0.0,1
200388,0.16152289338566495,0.45197938618375344,0.762153114055573,B1,MEMORY,7,0.8359739256238135,0.8722496051383758,0.8722496051383758,B1,0.8722496051383758,0.0,0.0,0.0,1
200389,0.9693542825678098,0.9628514004852319,0.828824010993507,B1,MEMORY,3,0.8863288161111736,0.897632729873134,0.897632729873134,HYBRID,0.952642075764911,0.05500934589177697,0.05500934589177697,0.0,1
200390,0.25475236431073045,0.9837450171029304,0.7181278096990584,B1,MEMORY,0,0.8348153882101623,0.8354057001645864,0.8354057001645864,LOCAL,0.9625217376357078,0.12711603747112143,0.12711603747112143,0.0,1
200391,0.0951857672692834,0.6355115902751637,0.6506853185912067,B1,MEMORY,0,0.8123767994054848,0.8478013469031779,0.8478013469031779,LOCAL,0.8687759731607538,0.020974626257575957,0.020974626257575957,0.0,1
200392,0.6988031095559035,0.6552303086437997,0.08503297606425775,B1,MEMORY,6,0.9377291589330842,0.8649154949696021,0.8649154949696021,B1,0.8649154949696021,0.0,0.0,0.0,1
200393,0.2711579665292918,0.9367558166188507,0.8762296946437693,B1,MEMORY,0,0.8202867548056891,0.8468013597785861,0.8468013597785861,LOCAL,0.9403035726613926,0.09350221288280658,0.09350221288280658,0.0,1
200394,0.8941932265000448,0.7674181993064448,0.04997907050818229,B1,MEMORY,6,0.8411441718316022,0.8568571606448393,0.8568571606448393,B1,0.8568571606448393,0.0,0.0,0.0,1
200395,0.023273607646203343,0.40336220537297796,0.19283448250170943,B1,MEMORY,2,0.8123364673610379,0.8423062914819264,0.8423062914819264,B1,0.8423062914819264,0.0,0.0,0.0,1
200396,0.2626816661835728,0.7192568212861922,0.753576708662281,B1,MEMORY,0,0.8355386047466915,0.8586170559382817,0.8586170559382817,LOCAL,0.8732256498225464,0.014608593884264609,0.014608593884264609,0.0,1
200397,0.10964236511813008,0.32891970488626043,0.03882718780689698,B1,MEMORY,2,0.8286702844464061,0.8490109003308255,0.8490109003308255,B1,0.8490109003308255,0.0,0.0,0.0,1
200398,0.31926510385289997,0.17743415827037357,0.8598174821285832,B1,MEMORY,7,0.8655118058512717,0.8880462236385412,0.8880462236385412,B1,0.8880462236385412,0.0,0.0,0.0,1
200399,0.9642287648399577,0.15318319016761595,0.967940318196538,B1,MEMORY,8,0.8699093007650414,0.8388339667540743,0.8388339667540743,GLOBAL,0.9152283779774666,0.0763944112233923,0.0763944112233923,0.0,1
